,epoch,train_loss,wire_train_acc,wire_train_f1,wire_train_loss,action_train_acc,action_train_f1,action_train_loss,val_loss,wire_val_acc,wire_val_loss,wire_val_f1,action_val_acc,action_val_f1,action_val_loss
0,0,2.6076878532767296,0.5625,0.5908088235294118,0.6021647080779076,0.1875,0.1461038961038961,2.806716874241829,2.2579699754714966,0.25,0.5247892439365387,0.2,0.5,0.5416666666666666,1.2083915174007416
1,1,2.488138109445572,0.8125,0.8303571428571428,0.5907885804772377,0.125,0.07352941176470588,2.6131219565868378,2.081139326095581,1.0,0.511857271194458,1.0,0.75,0.6428571428571428,1.057424783706665
2,2,2.4765841215848923,0.75,0.7328947368421053,0.5918703563511372,0.25,0.19345238095238093,2.5856868624687195,2.1576492488384247,1.0,0.49510224163532257,1.0,0.25,0.375,1.1674447655677795
3,3,2.3808821700513363,0.8125,0.8035714285714285,0.5773756206035614,0.4375,0.43774801587301587,2.452261820435524,2.052817404270172,1.0,0.4709649533033371,1.0,0.75,0.6428571428571428,1.110887497663498
4,4,2.46763988211751,0.875,0.875,0.5604797154664993,0.375,0.32539682539682535,2.6933608725667,2.1761651039123535,1.0,0.44264455139636993,1.0,0.25,0.125,1.290876030921936
5,5,2.3366936780512333,0.875,0.875,0.5382993631064892,0.5,0.4553571428571428,2.520189940929413,2.0577921271324158,1.0,0.40171343088150024,1.0,0.0,0.0,1.254365235567093
6,6,2.1755833327770233,0.8125,0.8035714285714285,0.5034606978297234,0.5,0.4489087301587302,2.3373238146305084,1.821453332901001,1.0,0.3217448741197586,1.0,0.25,0.30000000000000004,1.1779635846614838
7,7,2.1842187084257603,0.875,0.875,0.47294414043426514,0.3125,0.2767857142857143,2.476660892367363,1.6512912213802338,1.0,0.31371764093637466,1.0,0.75,0.6428571428571428,1.023855984210968
8,8,2.0720764473080635,0.8125,0.8040413533834586,0.45041872654110193,0.4375,0.42200854700854706,2.342477984726429,1.83289635181427,1.0,0.20713917165994644,1.0,0.0,0.0,1.418617993593216
9,9,2.14982632920146,0.8125,0.8035714285714285,0.43071378115564585,0.375,0.3565705128205128,2.5767975598573685,1.7478366494178772,1.0,0.20355943590402603,1.0,0.0,0.0,1.3407177925109863
10,10,2.0028566047549248,0.875,0.875,0.3690003831870854,0.375,0.3527462121212121,2.5297116190195084,1.5409575402736664,1.0,0.12713979184627533,1.0,0.0,0.0,1.2866779565811157
11,11,1.9067793749272823,0.875,0.875,0.3644373631104827,0.4375,0.43643856143856147,2.3558093309402466,1.7081661224365234,1.0,0.1180349551141262,1.0,0.0,0.0,1.4720962643623352
12,12,2.0322272703051567,0.875,0.875,0.33702357416041195,0.3125,0.22518382352941177,2.716360218822956,1.554360270500183,1.0,0.0986255332827568,1.0,0.0,0.0,1.3571092039346695
13,13,1.6516992077231407,0.8125,0.8035714285714285,0.28231265349313617,0.5625,0.5454545454545454,2.174147851765156,1.4402398467063904,1.0,0.09290618635714054,1.0,0.0,0.0,1.2544274628162384
14,14,1.5609596706926823,0.875,0.875,0.2551800304208882,0.5,0.45673076923076916,2.101199209690094,1.458221286535263,1.0,0.07639722246676683,1.0,0.0,0.0,1.3054268658161163
15,15,1.5138344764709473,0.875,0.875,0.26250259194057435,0.5,0.4591346153846154,1.9776585772633553,1.6970391273498535,1.0,0.07914229854941368,1.0,0.0,0.0,1.5387545228004456
16,16,1.320399234071374,0.9375,0.9346804511278195,0.17897675154381432,0.5625,0.5096726190476191,1.9248914532363415,1.8719803392887115,1.0,0.03501668944954872,1.0,0.0,0.0,1.801946997642517
17,17,1.4507759623229504,0.8125,0.8035714285714285,0.23979747050907463,0.5625,0.5451388888888888,1.9423620477318764,1.5889514088630676,1.0,0.04260795610025525,1.0,0.0,0.0,1.5037354826927185
18,18,1.0717629278078675,0.875,0.875,0.16687193818506785,0.6875,0.643939393939394,1.4760380927473307,1.8006239235401154,1.0,0.03917867038398981,1.0,0.0,0.0,1.7222665846347809
19,19,1.2842156887054443,0.9375,0.9391339869281046,0.2198211300346884,0.6875,0.643939393939394,1.6891468781977892,1.7638926208019257,1.0,0.027976716170087457,1.0,0.0,0.0,1.7079392075538635
20,20,1.2281166054308414,0.875,0.875,0.2145488036403549,0.75,0.7091346153846154,1.598038014024496,2.081365168094635,1.0,0.021616762736812234,1.0,0.0,0.0,2.0381316542625427
21,21,1.019004418514669,0.875,0.875,0.14299180771922693,0.75,0.7007575757575757,1.466041624546051,1.538453295826912,1.0,0.019029274582862854,1.0,0.0,0.0,1.5003947764635086
22,22,1.1899859169498086,1.0,1.0,0.15450510621303692,0.4375,0.367063492063492,1.7619514036923647,1.8751707971096039,1.0,0.016382117057219148,1.0,0.0,0.0,1.8424065709114075
23,23,1.0806217351928353,0.9375,0.9346804511278195,0.15014906849319232,0.625,0.5625,1.5606472175568342,1.9032346904277802,1.0,0.013609071378596127,1.0,0.0,0.0,1.8760165572166443
24,24,1.0403096871450543,0.9375,0.9375,0.1308526875800453,0.625,0.5791170634920635,1.5572086181491613,1.6245547533035278,1.0,0.01988641353091225,1.0,0.0,0.0,1.5847819149494171
25,25,1.0777655951678753,0.9375,0.9391339869281046,0.14564978798443917,0.75,0.7215909090909091,1.5729320347309113,1.861967295408249,1.0,0.010675302357412875,1.0,0.0,0.0,1.8406167328357697
26,26,1.1425880556926131,0.875,0.875,0.20130408826298662,0.5625,0.5204326923076923,1.4799597784876823,1.8589669167995453,1.0,0.01631824520882219,1.0,0.0,0.0,1.826330453157425
27,27,0.8748439666815102,0.9375,0.9346804511278195,0.09018928339355625,0.8125,0.7765151515151514,1.3889307947829366,2.8263183534145355,1.0,0.012132137664593756,1.0,0.0,0.0,2.802054077386856
28,28,1.0112273771082982,0.875,0.8602756892230575,0.20594677900317038,0.6875,0.643939393939394,1.1986676624510437,1.6024068892002106,1.0,0.013793810066999868,1.0,0.0,0.0,1.5748192369937897
29,29,0.7728470927104354,0.9375,0.9346804511278195,0.09654897391010309,0.75,0.7272727272727273,1.1594983153045177,1.7627361714839935,1.0,0.009522555017611012,1.0,0.0,0.0,1.743691086769104
30,30,0.7999898660928011,1.0,1.0,0.11744376116803323,0.8125,0.7855790043290043,1.1302046906203032,2.1065273582935333,1.0,0.008677528967382386,1.0,0.0,0.0,2.0891723334789276
31,31,0.7665299416985363,0.9375,0.9375,0.13659320218130233,0.8125,0.78125,0.9866870860569179,2.1269874572753906,1.0,0.0091034913493786,1.0,0.0,0.0,2.1087805032730103
32,32,0.7035222607664764,1.0,1.0,0.13659374856888462,0.9375,0.9368686868686869,0.8606695239432156,2.9144216775894165,1.0,0.005940445698797703,1.0,0.0,0.0,2.902540773153305
33,33,0.6259620350319892,1.0,1.0,0.07753817543584773,0.875,0.8650568181818181,0.9417713503353298,1.9542939960956573,1.0,0.006318739615380764,1.0,0.0,0.0,1.9416565299034119
34,34,0.7430422101169825,0.9375,0.9346804511278195,0.11908854251942103,0.8125,0.8106060606060606,1.0097302349749953,2.723723977804184,1.0,0.0034247798757860437,1.0,0.0,0.0,2.716874420642853
35,35,0.712078272132203,0.875,0.8602756892230575,0.1380446621296869,0.875,0.8697916666666667,0.8719779038801789,2.2834261655807495,1.0,0.004731685949082021,1.0,0.0,0.0,2.2739628553390503
36,36,0.5527380884159356,0.9375,0.9391339869281046,0.1043731483131296,0.9375,0.9368686868686869,0.6879835843574256,2.674210846424103,1.0,0.006854112594737671,1.0,0.0,0.0,2.6605026721954346
37,37,0.5545433750376105,0.9375,0.9346804511278195,0.13005820544867674,0.9375,0.9368686868686869,0.5888539226725698,2.9988785088062286,1.0,0.005592838162556291,1.0,0.0,0.0,2.987692803144455
38,38,0.5432616277830675,0.9375,0.9346804511278195,0.07081773609024822,0.8125,0.8049242424242424,0.8032522993162274,2.507436513900757,1.0,0.004381567639939021,1.0,0.0,0.0,2.4986733198165894
39,39,0.7200924949720502,0.875,0.875,0.16152158736713318,0.9375,0.9368686868686869,0.794098636135459,2.5707426965236664,1.0,0.011243905508308671,1.0,0.0,0.0,2.5482548773288727
40,40,0.5120099462801591,0.9375,0.9346804511278195,0.10412898679214777,0.9375,0.9368686868686869,0.6075039415154606,2.631257265806198,1.0,0.018574648187495768,1.0,0.0,0.0,2.594107985496521
41,41,0.40563630999531597,0.9375,0.9346804511278195,0.07131463424025242,0.9375,0.9368686868686869,0.5260140751488507,2.993515580892563,1.0,0.015254856523824856,1.0,0.0,0.0,2.963005840778351
42,42,0.6499948716955259,0.9375,0.9375,0.13541864474245813,0.875,0.8697916666666667,0.7583151797298342,2.472385823726654,1.0,0.01714050471491646,1.0,0.0,0.0,2.4381048381328583
43,43,0.3922182133537717,0.9375,0.9346804511278195,0.06103453192690722,0.9375,0.9368686868686869,0.5402983064996079,2.542950361967087,1.0,0.011930858927371446,1.0,0.0,0.0,2.5190885961055756
44,44,0.3605827722931281,1.0,1.0,0.06025192190281814,0.9375,0.9368686868686869,0.48015786428004503,3.266915053129196,1.0,0.006900524942466291,1.0,0.0,0.0,3.253114104270935
45,45,0.3948534896480851,1.0,1.0,0.06620901739157148,0.9375,0.9368686868686869,0.5248709133011289,2.6782241463661194,1.0,0.0049713967309799045,1.0,0.0,0.0,2.6682813465595245
46,46,0.2800951013341546,1.0,1.0,0.02192822806274819,0.9375,0.9368686868686869,0.472477292525582,2.5872219800949097,1.0,0.006028742693160893,1.0,0.0,0.0,2.575164556503296
47,47,0.48140498384600505,0.9375,0.9346804511278195,0.13622263848063199,0.9375,0.9368686868686869,0.4179194166790694,2.9005946815013885,1.0,0.006998506009040284,1.0,0.0,0.0,2.8865977227687836
48,48,0.4621771746315062,0.9375,0.9346804511278195,0.08529062210010352,0.9375,0.9368686868686869,0.5831918456824496,2.8580136001110077,1.0,0.010743513534180238,1.0,0.0,0.0,2.836526542901993
49,49,0.29657356813549995,1.0,1.0,0.051169673568765006,0.9375,0.9368686868686869,0.38846844260115176,3.372090667486191,1.0,0.00732176071505819,1.0,0.0,0.0,3.3574471175670624
50,50,0.32450859498931095,1.0,1.0,0.05692257831988812,0.9375,0.9368686868686869,0.42132687973207794,3.303194761276245,1.0,0.007815696777470293,1.0,0.0,0.0,3.2875633239746094
51,51,0.3441745226737112,1.0,1.0,0.03352945683013786,0.9375,0.9368686868686869,0.5542312151519582,2.654092013835907,1.0,0.012067469853718649,1.0,0.0,0.0,2.62995707988739
52,52,0.4077078461123165,0.9375,0.9346804511278195,0.08318839304695302,0.875,0.875,0.482662120310124,2.9187697768211365,1.0,0.01982840874552494,1.0,0.0,0.0,2.879113018512726
53,53,0.45159614566364326,0.875,0.8870614035087718,0.1142032278613101,0.9375,0.9368686868686869,0.4463793721224647,3.3018620312213898,1.0,0.004547703772004752,1.0,0.0,0.0,3.292766660451889
54,54,0.33875531774538103,1.0,1.0,0.045759839554641246,0.9375,0.9368686868686869,0.4944712844735477,2.4617033153772354,1.0,0.007207984883734753,1.0,0.25,0.125,2.4472873508930206
55,55,0.5033407913288102,0.9375,0.9375,0.1031150713431539,0.875,0.8697916666666667,0.5942212905501947,2.61479988694191,1.0,0.011108961135732898,1.0,0.0,0.0,2.5925819873809814
56,56,0.38705330618540756,0.9375,0.9346804511278195,0.06508887902211313,0.9375,0.9368686868686869,0.5137510937056504,2.727588713169098,1.0,0.0155338196136654,1.0,0.0,0.0,2.6965211629867554
57,57,0.4310077908594394,0.9375,0.9375,0.11932635766584099,0.9375,0.9368686868686869,0.3847101600840688,3.2673377692699432,1.0,0.02311593619378982,1.0,0.0,0.0,3.2211058735847473
58,58,0.5758844056981616,0.9375,0.9346804511278195,0.14134905906922768,0.9375,0.9368686868686869,0.5863725654489826,3.3118438720703125,1.0,0.01071357630280545,1.0,0.0,0.0,3.2904167771339417
59,59,0.4083206213545054,0.9375,0.9346804511278195,0.10954417687779028,0.9375,0.9368686868686869,0.3784645441919565,2.097288563847542,1.0,0.006302756124568987,1.0,0.0,0.0,2.084683045744896
60,60,0.38576813362305984,0.9375,0.9346804511278195,0.05666813400630133,0.875,0.875,0.544863726827316,3.296669900417328,1.0,0.0016729532108001877,1.0,0.0,0.0,3.293323963880539
61,61,0.31907447410048917,0.9375,0.9346804511278195,0.052035042603833404,0.9375,0.9368686868686869,0.4300087697338313,4.070180326700211,1.0,0.0020032126012665685,1.0,0.0,0.0,4.0661739110946655
62,62,0.38112772864405997,1.0,1.0,0.04566104617906319,0.9375,0.9368686868686869,0.579611269175075,1.9604098200798035,1.0,0.006773520120077592,1.0,0.0,0.0,1.9468627870082855
63,63,0.3683872047695331,0.9375,0.9346804511278195,0.0571953456269938,0.9375,0.9368686868686869,0.5079930316423997,3.2828950583934784,1.0,0.009915250979247503,1.0,0.0,0.0,3.263064533472061
64,64,0.35508385617868043,0.9375,0.9346804511278195,0.07806579574479144,0.9375,0.9368686868686869,0.3979045444284566,3.938256949186325,1.0,0.005391106773458887,1.0,0.0,0.0,3.9274746775627136
65,65,0.3228754021693021,0.9375,0.9346804511278195,0.0901815513626758,0.9375,0.9368686868686869,0.2850245997069578,4.317928969860077,1.0,0.0031947331444825977,1.0,0.0,0.0,4.311539500951767
66,66,0.2870731473667547,1.0,1.0,0.0470644739436068,0.875,0.875,0.3858883908978896,3.4944452047348022,1.0,0.001996948116357089,1.0,0.0,0.0,3.4904512763023376
67,67,0.29194910383739625,0.9375,0.9346804511278195,0.0455897939515193,0.8125,0.8175505050505051,0.4015390316344565,3.2730847001075745,1.0,0.002827100695867557,1.0,0.25,0.16666666666666666,3.2674305588006973
68,68,0.9166422951384448,0.875,0.8602756892230575,0.14621534093100763,0.8125,0.8049242424242424,1.2484232450078707,0.9878055714070797,1.0,0.05306763725820929,1.0,0.5,0.5,0.8816703017801046
69,69,1.7590725446934812,0.875,0.8602756892230575,0.2606620380033746,0.5625,0.5350378787878787,2.4754968662164174,2.104865938425064,1.0,0.005305929575115442,1.0,0.25,0.125,2.094254046678543
70,70,1.0195258809253573,0.9375,0.9346804511278195,0.11936588942990056,0.8125,0.8150373931623932,1.5615882170386612,1.9469769597053528,1.0,0.06404476519674063,1.0,0.25,0.125,1.8188874274492264
71,71,0.48773992707720026,1.0,1.0,0.09878252881972571,0.875,0.8650568181818181,0.5803497437445913,1.9733724892139435,1.0,0.05401596869342029,1.0,0.25,0.125,1.8653405606746674
72,72,0.42464241688139737,1.0,1.0,0.1068158105498469,0.9375,0.9368686868686869,0.4220215934328735,2.14899405837059,1.0,0.0305362017970765,1.0,0.25,0.125,2.087921604514122
73,73,0.5677279802330304,0.9375,0.9346804511278195,0.11702304091841143,0.875,0.8465909090909091,0.667363804881461,2.4583918154239655,1.0,0.030088640975009184,1.0,0.0,0.0,2.398214504122734
74,74,0.3607603445998393,0.9375,0.9346804511278195,0.08389006341647587,0.9375,0.9368686868686869,0.3859604197787121,2.4388657212257385,1.0,0.018316294204851147,1.0,0.0,0.0,2.402233123779297
75,75,0.29191823134897277,0.9375,0.9346804511278195,0.06816106447989867,1.0,1.0,0.31119221381959505,2.596623569726944,1.0,0.01573662761165906,1.0,0.0,0.0,2.5651503205299377
76,76,0.3054258819902316,1.0,1.0,0.07184282101501083,0.9375,0.9368686868686869,0.32348048061248846,2.76134717464447,1.0,0.012805458872207964,1.0,0.0,0.0,2.735736310482025
77,77,0.3009022434198414,1.0,1.0,0.06815049941047846,0.9375,0.9368686868686869,0.3292024908296298,3.082076668739319,1.0,0.008419733287155395,1.0,0.0,0.0,3.0652371644973755
78,78,0.3473603123202338,0.9375,0.9346804511278195,0.07809435580838908,0.9375,0.9368686868686869,0.38234320348419715,3.3681000471115112,1.0,0.007575614178676915,1.0,0.0,0.0,3.352948784828186
79,79,0.2890751912200358,0.9375,0.9346804511278195,0.07772484478368824,1.0,1.0,0.26725100525072776,3.4345352053642273,1.0,0.008990881469799206,1.0,0.0,0.0,3.4165534377098083
80,80,0.23407165036769584,1.0,1.0,0.04959432850772849,0.9375,0.9368686868686869,0.26976599227054976,3.3894267678260803,1.0,0.00911722033197293,1.0,0.0,0.0,3.3711923360824585
81,81,0.33647149725584313,1.0,1.0,0.06986938830306144,0.875,0.875,0.39346543315332383,3.3955937027931213,1.0,0.007904601020982227,1.0,0.0,0.0,3.3797845244407654
82,82,0.38829749046999495,1.0,1.0,0.06888812839456193,0.875,0.875,0.5010424694919493,3.458550453186035,1.0,0.003944522408573903,1.0,0.0,0.0,3.4506615102291107
83,83,0.3042639460618375,0.9375,0.9346804511278195,0.0954946534820742,1.0,1.0,0.22654929177952,3.441400468349457,1.0,0.0053059575870975095,1.0,0.0,0.0,3.430788576602936
84,84,0.2276585232175421,0.9375,0.9346804511278195,0.049481928599846015,0.9375,0.9368686868686869,0.2573893389198929,3.8440632820129395,1.0,0.006689294312081984,1.0,0.0,0.0,3.830684721469879
85,85,0.2092331764579285,1.0,1.0,0.03995093137201167,0.875,0.875,0.25866262715135235,3.982264280319214,1.0,0.006584268810456706,1.0,0.0,0.0,3.969095766544342
86,86,0.23058684945863206,1.0,1.0,0.037106722635193545,0.9375,0.9368686868686869,0.3127468145976309,3.6496893763542175,1.0,0.012433424665232451,1.0,0.0,0.0,3.624822497367859
87,87,0.3025211972089892,0.9375,0.9346804511278195,0.06287332924744993,0.9375,0.9368686868686869,0.353549074534385,3.518802225589752,1.0,0.01672646597990024,1.0,0.0,0.0,3.4853492975234985
88,88,0.4116716177195485,0.9375,0.9346804511278195,0.13005870296317212,0.9375,0.9368686868686869,0.3031084123722394,3.3414656817913055,1.0,0.020744392549659096,1.0,0.0,0.0,3.299976944923401
89,89,0.3193753597588511,0.875,0.875,0.10323839961274928,1.0,1.0,0.22579713026061654,3.131223350763321,1.0,0.022223266453238466,1.0,0.0,0.0,3.0867768824100494
90,90,0.23991099067825417,1.0,1.0,0.04906455696191614,0.9375,0.9368686868686869,0.2835637549032981,3.1309126913547516,1.0,0.027628775290395424,1.0,0.25,0.125,3.0756551548838615
91,91,0.300886761280708,0.9375,0.9346804511278195,0.06177354695716941,0.9375,0.9368686868686869,0.35467932623578236,3.2321684658527374,1.0,0.022393850828393624,1.0,0.25,0.16666666666666666,3.1873807832598686
92,92,0.21806790350819938,0.9375,0.9346804511278195,0.0547366818207351,0.9375,0.9368686868686869,0.2171890840108972,3.9373480081558228,1.0,0.010630629579509332,1.0,0.0,0.0,3.916086792945862
93,93,0.2389178179728333,1.0,1.0,0.023710585052178157,0.9375,0.9368686868686869,0.38299329532310367,4.129645347595215,1.0,0.007205433132412509,1.0,0.0,0.0,4.1152344942092896
94,94,0.25548135655844817,1.0,1.0,0.017190564511214035,0.9375,0.9368686868686869,0.44220045569818467,4.194407641887665,1.0,0.005430339790109429,1.0,0.0,0.0,4.183546960353851
95,95,0.3446726039474015,0.9375,0.9346804511278195,0.1087742006147856,0.9375,0.9368686868686869,0.2542484096120461,4.38557893037796,1.0,0.004459772898144365,1.0,0.0,0.0,4.376659393310547
96,96,0.1995224662241526,0.9375,0.9346804511278195,0.04439246915786965,0.9375,0.9368686868686869,0.22147505806060508,4.244736433029175,1.0,0.006401402856454297,1.0,0.0,0.0,4.2319337129592896
97,97,0.19411806265998166,1.0,1.0,0.04384877082372185,0.9375,0.9368686868686869,0.21284104437654605,4.125460982322693,1.0,0.010471972300479138,1.0,0.0,0.0,4.104517102241516
98,98,0.2773061663028784,1.0,1.0,0.037848264326385106,0.9375,0.9368686868686869,0.40321928035700694,4.533388018608093,1.0,0.004479813634077345,1.0,0.0,0.0,4.524428427219391
99,99,0.23271972093789373,0.9375,0.9346804511278195,0.055316685103804275,0.9375,0.9368686868686869,0.24417269954574294,4.257117569446564,1.0,0.003690983072203835,1.0,0.0,0.0,4.249735593795776
100,100,0.2677152452088194,0.9375,0.9346804511278195,0.04865831970552348,0.9375,0.9368686868686869,0.3407972057175357,4.025399386882782,1.0,0.003328803080535181,1.0,0.0,0.0,4.01874178647995
101,101,0.2633642315340694,0.9375,0.9346804511278195,0.04560298652367578,0.9375,0.9368686868686869,0.34431652460989426,4.313392221927643,1.0,0.002277089396301335,1.0,0.0,0.0,4.3088380098342896
102,102,0.18014596318244003,1.0,1.0,0.02336047127570806,0.9375,0.9368686868686869,0.26685004497267073,4.250688552856445,1.0,0.0018891470532764743,1.0,0.0,0.0,4.246910333633423
103,103,0.3365604072823771,0.9375,0.9346804511278195,0.08120541198713482,0.9375,0.9368686868686869,0.34829915945010725,3.2294845283031464,1.0,0.004073270509536542,1.0,0.0,0.0,3.2213379740715027
104,104,0.27725996304070577,0.9375,0.9346804511278195,0.06079389081199338,0.9375,0.9368686868686869,0.31134437027503736,3.898790657520294,1.0,0.0024365325583346475,1.0,0.0,0.0,3.893917679786682
105,105,0.1734040740539058,0.9375,0.9346804511278195,0.04699948258793185,1.0,1.0,0.15881021986933774,4.506096541881561,1.0,0.0015609854324054595,1.0,0.0,0.0,4.502974569797516
106,106,0.31407548973947996,0.9375,0.9346804511278195,0.0558589127248279,0.9375,0.9368686868686869,0.40471532750234473,4.531636595726013,1.0,0.0016797428103245693,1.0,0.0,0.0,4.528277099132538
107,107,0.2231526738833054,1.0,1.0,0.03504034771863829,0.875,0.875,0.30614395638986025,4.7194976806640625,1.0,0.0020298132855316453,1.0,0.0,0.0,4.7154381275177
108,108,0.28045783979905536,0.9375,0.9346804511278195,0.08185482499126806,0.9375,0.9368686868686869,0.23349638914805837,4.436562776565552,1.0,0.00272561543295069,1.0,0.0,0.0,4.431111514568329
109,109,0.1828724822280492,1.0,1.0,0.030845806490978234,0.9375,0.9368686868686869,0.24236174561156076,4.121153771877289,1.0,0.0038735286591418117,1.0,0.0,0.0,4.113406717777252
110,110,0.18886516146812937,1.0,1.0,0.03327362355667418,0.9375,0.9368686868686869,0.24463582498356118,3.9875822961330414,1.0,0.005771009830880303,1.0,0.0,0.0,3.9760402739048004
111,111,0.29024623599252664,0.9375,0.9346804511278195,0.07242666491661964,0.9375,0.9368686868686869,0.2907858116159332,4.8659868240356445,1.0,0.0028037900299864305,1.0,0.0,0.0,4.860379219055176
112,112,0.19658295033968898,1.0,1.0,0.04320706671668084,0.9375,0.9368686868686869,0.2203376344859862,5.326460003852844,1.0,0.0006634314936420083,1.0,0.0,0.0,5.3251330852508545
113,113,0.23241721974045504,1.0,1.0,0.03181092686689979,0.9375,0.9368686868686869,0.3375907357840333,5.451683819293976,1.0,0.0004923966716816608,1.0,0.0,0.0,5.450698971748352
114,114,0.20714929387759184,1.0,1.0,0.032421785461101305,0.9375,0.9368686868686869,0.2846114475541981,4.798115015029907,1.0,0.0029622986153281516,1.0,0.0,0.0,4.7921905517578125
115,115,0.37430436175782233,0.9375,0.9346804511278195,0.11873228415936055,0.9375,0.9368686868686869,0.27367958371178247,4.663557052612305,1.0,0.004102783153932421,1.0,0.0,0.0,4.655351519584656
116,116,0.1845372696298,1.0,1.0,0.030732013356639776,0.875,0.875,0.246146489334933,4.770444631576538,1.0,0.002392533325178192,1.0,0.0,0.0,4.76565957069397
117,117,0.18534278375045687,1.0,1.0,0.035832800953297994,0.9375,0.9368686868686869,0.22735435978756868,4.6382423639297485,1.0,0.0032169616222290642,1.0,0.0,0.0,4.631808519363403
118,118,0.13091395461106003,1.0,1.0,0.012786046975902021,0.9375,0.9368686868686869,0.210683722712929,4.466889500617981,1.0,0.004172717842095608,1.0,0.0,0.0,4.458544075489044
119,119,0.27016450516020996,0.9375,0.9346804511278195,0.061910618048795385,0.9375,0.9368686868686869,0.29268653996041394,4.5271419286727905,1.0,0.004683388967208657,1.0,0.0,0.0,4.517775237560272
120,120,0.3205392592790304,0.9375,0.9346804511278195,0.04947284283182363,0.9375,0.9368686868686869,0.44318715133340447,4.805925786495209,1.0,0.0021445613946866615,1.0,0.0,0.0,4.801636636257172
121,121,0.14557573959427828,1.0,1.0,0.019014705651770214,0.9375,0.9368686868686869,0.21509265332497307,4.632633209228516,1.0,0.0015055369276097963,1.0,0.0,0.0,4.629622161388397
122,122,0.20148515371147369,1.0,1.0,0.018506362375148466,0.875,0.8697916666666667,0.32894485698852804,4.32694011926651,1.0,0.002999585903992852,1.0,0.0,0.0,4.3209410309791565
123,123,0.45797900814795867,0.9375,0.9346804511278195,0.1709030642951177,1.0,1.0,0.23234577855328098,4.227278642356396,1.0,0.01895780482209375,1.0,0.25,0.16666666666666666,4.189363092184067
124,124,0.3859072602208471,0.9375,0.9346804511278195,0.09745298171182526,0.875,0.875,0.38200258591677994,4.178088188171387,1.0,0.05242340621225594,1.0,0.0,0.0,4.073241472244263
125,125,0.4641135243809913,0.9375,0.9642857142857143,0.16300831631633228,0.9375,0.9368686868686869,0.27619378401323047,5.110888481140137,1.0,0.005471112205952977,1.0,0.0,0.0,5.0999462604522705
126,126,0.28559609529111185,0.9375,0.9391339869281046,0.09155092612494542,0.9375,0.9368686868686869,0.20498848893475952,4.910398602485657,1.0,0.0035215597599247417,1.0,0.0,0.0,4.903355538845062
127,127,0.2159598321049998,1.0,1.0,0.047478217453089666,0.9375,0.9368686868686869,0.2420067949569784,3.999456465244293,1.0,0.001936635118878982,1.0,0.0,0.0,3.995583236217499
128,128,0.31410451152805763,0.9375,0.9346804511278195,0.0747427219271084,0.9375,0.9368686868686869,0.3292381347819173,3.337274983525276,1.0,0.002938082440991252,1.0,0.25,0.125,3.331398881971836
129,129,0.2640426556172315,1.0,1.0,0.03800962208390324,0.9375,0.9368686868686869,0.3760468296241015,3.6803709268569946,1.0,0.0021543211739611934,1.0,0.0,0.0,3.6760623455047607
130,130,0.3555249890732739,0.9375,0.9346804511278195,0.09679783012273102,0.875,0.875,0.32385865264768654,5.544427990913391,1.0,0.0009025183911575141,1.0,0.0,0.0,5.542623043060303
131,131,0.32731816243904177,1.0,1.0,0.03322491353378432,0.8125,0.8049242424242424,0.5217366683609725,4.34462171792984,1.0,0.003066019610486137,1.0,0.0,0.0,4.338489651679993
132,132,0.7643401406166959,1.0,1.0,0.07864269207480801,0.875,0.8697916666666667,1.2141095122678962,3.4019142985343933,1.0,0.005324170445305754,1.0,0.0,0.0,3.391266018152237
133,133,0.428739704311738,0.875,0.8602756892230575,0.14227943521914987,1.0,1.0,0.28836166765904636,3.280978225171566,1.0,0.023368306380461945,1.0,0.25,0.125,3.234241671860218
134,134,0.3483042233647211,0.9375,0.9346804511278195,0.0959167602882145,0.9375,0.9368686868686869,0.31294140599311504,2.8908690316602588,1.0,0.043981053995594266,1.0,0.25,0.30000000000000004,2.8029069108888507
135,135,0.30629149146625423,0.9375,0.9346804511278195,0.07977628844305507,0.875,0.875,0.2934778343733342,3.3404931449331343,1.0,0.011302949387300032,1.0,0.25,0.30000000000000004,3.3178873085416853
136,136,0.3006854976847535,0.9375,0.9346804511278195,0.061580177655940815,0.875,0.875,0.35505028533225413,3.5023032082244754,1.0,0.006179265889386443,1.0,0.25,0.30000000000000004,3.4899446619674563
137,137,0.20609378998778993,1.0,1.0,0.038361562108490954,0.9375,0.9368686868686869,0.2587413318542531,3.361573986709118,1.0,0.005737721548939589,1.0,0.25,0.30000000000000004,3.350098542869091
138,138,0.21846667876889114,1.0,1.0,0.035256743442346306,0.9375,0.9368686868686869,0.2959063827092905,3.2963189305737615,1.0,0.006148092643854852,1.0,0.25,0.30000000000000004,3.2840227903798223
139,139,0.3674041350313928,0.875,0.875,0.12384364177185603,0.9375,0.9368686868686869,0.23943369580592844,4.4973942041397095,1.0,0.006040235204750388,1.0,0.0,0.0,4.485313773155212
140,140,0.258320655465468,0.9375,0.9346804511278195,0.06072957076392704,0.9375,0.9368686868686869,0.2737230234688468,4.9936524629592896,1.0,0.0030813554692485923,1.0,0.0,0.0,4.987489700317383
141,141,0.2166172007964633,0.9375,0.9346804511278195,0.05865011681997556,1.0,1.0,0.19863392724073492,5.11767441034317,1.0,0.0017747125243090522,1.0,0.0,0.0,5.11412501335144
142,142,0.2177196841021214,0.9375,0.9346804511278195,0.05873707485772872,0.9375,0.9368686868686869,0.20049107054364868,5.2643797397613525,1.0,0.0014500872952112331,1.0,0.0,0.0,5.261479675769806
143,143,0.2547197142848745,0.9375,0.9346804511278195,0.061433759920102915,0.875,0.875,0.26370438557569287,4.9712594747543335,1.0,0.0026036103749902395,1.0,0.0,0.0,4.966052293777466
144,144,0.2282687540491679,0.9375,0.9346804511278195,0.05625399951055954,0.9375,0.9368686868686869,0.23152150770238222,4.468730330467224,1.0,0.005545735883060843,1.0,0.0,0.0,4.45763885974884
145,145,0.14931006647020695,1.0,1.0,0.042247886045553074,1.0,1.0,0.1296285828066175,3.7871593981981277,1.0,0.009866121708000719,1.0,0.25,0.16666666666666666,3.767427146434784
146,146,0.20409249250042194,1.0,1.0,0.038857861625119394,0.9375,0.9368686868686869,0.25275353848337545,3.6235335394740105,1.0,0.00958657977389521,1.0,0.25,0.16666666666666666,3.60436037927866
147,147,0.1893079201618093,1.0,1.0,0.04463966288749077,0.9375,0.9368686868686869,0.20005718752054236,3.6882423162460327,1.0,0.009596979922889659,1.0,0.25,0.125,3.6690483540296555
148,148,0.20289252911243238,1.0,1.0,0.04067139092516836,0.875,0.875,0.24309949740018055,3.7161140516400337,1.0,0.010327730091375997,1.0,0.25,0.125,3.6954585909843445
149,149,0.2861245434942248,0.9375,0.9346804511278195,0.07579346072827775,0.875,0.875,0.26907525510250707,4.36811751127243,1.0,0.0034675963194672477,1.0,0.0,0.0,4.361182332038879
150,150,0.16792778947637998,1.0,1.0,0.027073016856004273,0.9375,0.9368686868686869,0.22756350963754812,5.634774208068848,1.0,0.0014099494713946115,1.0,0.0,0.0,5.631954312324524
151,151,0.1767497682812973,1.0,1.0,0.03391655638651514,0.9375,0.9368686868686869,0.2178333103975092,5.7326273918151855,1.0,0.0009647641684864539,1.0,0.0,0.0,5.730697870254517
152,152,0.24767833404075645,0.9375,0.9346804511278195,0.055474773748462436,0.9375,0.9368686868686869,0.27345757740113186,5.618731081485748,1.0,0.0007230103757649431,1.0,0.0,0.0,5.617285192012787
153,153,0.11150613639756557,1.0,1.0,0.02161508076686225,1.0,1.0,0.13655195243336493,5.5409018993377686,1.0,0.0009740188087903334,1.0,0.0,0.0,5.538953900337219
154,154,0.20968170975902467,0.9375,0.9346804511278195,0.05590309776815161,0.9375,0.9368686868686869,0.19575102757517016,5.411806702613831,1.0,0.0011566763059249752,1.0,0.0,0.0,5.409493446350098
155,155,0.1964666782951099,1.0,1.0,0.03965025216351803,0.9375,0.9368686868686869,0.23433235537231667,5.251550555229187,1.0,0.0012207147457843348,1.0,0.0,0.0,5.249109148979187
156,156,0.1116520510186092,1.0,1.0,0.03469799142539465,1.0,1.0,0.08451213969965465,5.050742506980896,1.0,0.0016499357097075062,1.0,0.0,0.0,5.047442555427551
157,157,0.198402954483754,1.0,1.0,0.036727351662150465,0.9375,0.9368686868686869,0.2498964953192626,5.108602404594421,1.0,0.001653485915909414,1.0,0.0,0.0,5.105295538902283
158,158,0.22036349978588987,0.9375,0.9346804511278195,0.06696079151180179,0.9375,0.9368686868686869,0.1728838266499224,5.126154839992523,1.0,0.0014694717146142011,1.0,0.0,0.0,5.123215973377228
159,159,0.1994987544039759,0.9375,0.9346804511278195,0.07178336713813094,1.0,1.0,0.11186402936073137,4.801952481269836,1.0,0.002237649147502907,1.0,0.0,0.0,4.7974773645401
160,160,0.19469986552030605,0.9375,0.9346804511278195,0.04450028303676534,0.875,0.875,0.2113985939322447,4.912436068058014,1.0,0.002800555363364765,1.0,0.0,0.0,4.906834959983826
161,161,0.32152033847751227,0.9375,0.9346804511278195,0.060917989939945016,0.875,0.875,0.3993687237953054,5.465246379375458,1.0,0.0011126537214067866,1.0,0.0,0.0,5.463021099567413
162,162,0.17819947107818734,1.0,1.0,0.02251964352483249,0.9375,0.9368686868686869,0.26632036992123176,5.434348464012146,1.0,0.0013721590894135716,1.0,0.0,0.0,5.4316041469573975
163,163,0.17917553699862765,1.0,1.0,0.04687146070300763,0.9375,0.9368686868686869,0.170865234212215,5.643562078475952,1.0,0.0011703483610219223,1.0,0.0,0.0,5.641221404075623
164,164,0.2773324297868385,0.9375,0.9346804511278195,0.09030405019737442,0.9375,0.9368686868686869,0.19344865523817134,5.777071714401245,1.0,0.0005067892748211733,1.0,0.0,0.0,5.776058197021484
165,165,0.3396941170203718,0.9375,0.9346804511278195,0.08581350773419505,0.875,0.875,0.33613420180245157,5.182921350002289,1.0,0.0007148341792273527,1.0,0.0,0.0,5.181491732597351
166,166,0.26636744261577405,1.0,1.0,0.04386091823345595,0.875,0.875,0.3572912089168767,4.867574393749237,1.0,0.0009393536683859338,1.0,0.0,0.0,4.865695774555206
167,167,0.1637566552312819,1.0,1.0,0.03561348614378046,0.9375,0.9368686868686869,0.1850593595600003,4.742538511753082,1.0,0.0008226273639451165,1.0,0.0,0.0,4.740893304347992
168,168,0.1467835246166942,1.0,1.0,0.031902734362817764,0.9375,0.9368686868686869,0.16595610796866822,4.871383190155029,1.0,0.0008475665790612652,1.0,0.0,0.0,4.869688034057617
169,169,0.18722355445470384,0.9375,0.9346804511278195,0.05709856144721215,1.0,1.0,0.14605286721734956,5.8734517097473145,1.0,0.0003913354416891224,1.0,0.0,0.0,5.872669100761414
170,170,0.27328667769324966,0.9375,0.9346804511278195,0.06450960845497278,0.9375,0.9368686868686869,0.2885349161006161,6.196387052536011,1.0,0.00032357413510730737,1.0,0.0,0.0,6.195739984512329
171,171,0.24198609518816738,0.9375,0.9346804511278195,0.05550813821557021,0.875,0.875,0.2619396419950135,5.972053527832031,1.0,0.0001388724667759078,1.0,0.0,0.0,5.9717758893966675
172,172,0.16052067708915274,1.0,1.0,0.04174616982943036,1.0,1.0,0.15405667837694637,5.945189297199249,1.0,0.00017839544761777404,1.0,0.0,0.0,5.944832623004913
173,173,0.18734507558838231,0.9375,0.9346804511278195,0.04986978991251334,0.9375,0.9368686868686869,0.1752109908611601,5.709096848964691,1.0,0.0002513499548495446,1.0,0.0,0.0,5.7085942029953
174,174,0.20479925194581483,0.9375,0.9346804511278195,0.056911277949570405,0.9375,0.9368686868686869,0.18195338656050808,5.863732039928436,1.0,0.00027102960665814635,1.0,0.0,0.0,5.863189935684204
175,175,0.20626820025154302,0.9375,0.9346804511278195,0.04670432290108373,0.9375,0.9368686868686869,0.225719108562771,6.078140735626221,1.0,0.00028993447084957324,1.0,0.0,0.0,6.077560901641846
176,176,0.24259116273515247,1.0,1.0,0.06245223420320656,0.9375,0.9368686868686869,0.23537339352697018,6.059718370437622,1.0,0.00015334928184351782,1.0,0.0,0.0,6.0594117641448975
177,177,0.15515928461491058,1.0,1.0,0.0434926072873032,1.0,1.0,0.136348140958944,5.990462958812714,1.0,0.00015421310945207267,1.0,0.0,0.0,5.990154564380646
178,178,0.15055607001067983,1.0,1.0,0.0440304840093968,1.0,1.0,0.12499020592622401,6.113033056259155,1.0,0.00018003562263224637,1.0,0.0,0.0,6.1126731634140015
179,179,0.18744930730645137,1.0,1.0,0.041500748115522956,0.9375,0.9368686868686869,0.20889562248248694,5.835059642791748,1.0,0.00025233400901747416,1.0,0.0,0.0,5.834555089473724
180,180,0.2065555950966882,1.0,1.0,0.036734129282506967,0.9375,0.9368686868686869,0.26617467774212855,5.295772433280945,1.0,0.0004543508043735045,1.0,0.0,0.0,5.294863760471344
181,181,0.16028567074226885,1.0,1.0,0.020762555033703833,0.9375,0.9368686868686869,0.23752112211423082,5.494274973869324,1.0,0.0005136599879715931,1.0,0.0,0.0,5.493247747421265
182,182,0.1437814204227834,1.0,1.0,0.022028316455971364,0.9375,0.9368686868686869,0.1994495778080818,5.658436417579651,1.0,0.00044747520769128357,1.0,0.0,0.0,5.657541513442993
183,183,0.18700665110372938,1.0,1.0,0.06181343701140207,1.0,1.0,0.12675955638223968,5.616521954536438,1.0,0.0006596396551117323,1.0,0.0,0.0,5.615202784538269
184,184,0.29100465600640746,0.9375,0.9346804511278195,0.11031268977992248,1.0,1.0,0.1407585542583547,6.853350877761841,1.0,0.00027882482277163945,1.0,0.0,0.0,6.852793216705322
185,185,0.163543437329281,1.0,1.0,0.044858142521867705,1.0,1.0,0.14765430988336448,6.7961214780807495,1.0,9.327964789918042e-06,1.0,0.0,0.0,6.796103000640869
186,186,0.12700488867176318,1.0,1.0,0.023805106219233707,1.0,1.0,0.15878935188811738,6.786802530288696,1.0,1.7999982134142556e-05,1.0,0.0,0.0,6.786766529083252
187,187,0.0880110972939292,1.0,1.0,0.005435139422331758,1.0,1.0,0.15428163762771874,6.791640758514404,1.0,2.4079150279021633e-05,1.0,0.0,0.0,6.791592597961426
188,188,0.2182556479692721,0.9375,0.9346804511278195,0.06614613791009516,0.9375,0.9368686868686869,0.1719267349326401,6.717336654663086,1.0,4.160067265956968e-05,1.0,0.0,0.0,6.717253565788269
189,189,0.2555899529040744,0.9375,0.9346804511278195,0.09230797684329994,0.9375,0.9368686868686869,0.14194798663038455,6.833614230155945,1.0,8.840940563281663e-05,1.0,0.0,0.0,6.833437442779541
190,190,0.19999632938015566,0.9375,0.9346804511278195,0.045320130903092615,0.9375,0.9368686868686869,0.21871213427857583,6.632791042327881,1.0,7.684928618623132e-05,1.0,0.0,0.0,6.63263738155365
191,191,0.16755529168904104,1.0,1.0,0.03520178430475296,0.9375,0.9368686868686869,0.19430344314878312,6.576266407966614,1.0,0.00010601550616051725,1.0,0.0,0.0,6.5760544538497925
192,192,0.20593711281890137,1.0,1.0,0.044562504127631186,0.9375,0.9368686868686869,0.23362420570811082,6.619518518447876,1.0,0.00011316500785873984,1.0,0.0,0.0,6.619292259216309
193,193,0.1600680087467481,1.0,1.0,0.029409442987894607,0.9375,0.9368686868686869,0.20249824854909093,6.662589192390442,1.0,7.443576487276005e-05,1.0,0.0,0.0,6.6624404191970825
194,194,0.10657051552698249,1.0,1.0,0.0266090068290481,1.0,1.0,0.1067050013671178,6.674104928970337,1.0,0.00011593513863772387,1.0,0.0,0.0,6.673873066902161
195,195,0.24948547642588892,0.9375,0.9346804511278195,0.06529268111337672,0.9375,0.9368686868686869,0.2378002353766533,6.62340784072876,1.0,5.220844229825161e-05,1.0,0.0,0.0,6.623303413391113
196,196,0.24340612520927607,0.9375,0.9346804511278195,0.0579525280962212,0.875,0.875,0.25500213430041185,5.9827903509140015,1.0,0.00016385975823141052,1.0,0.0,0.0,5.982462644577026
197,197,0.1147897467317307,1.0,1.0,0.016665864860610835,0.9375,0.9368686868686869,0.16291603614172345,6.030673503875732,1.0,0.0002826951365459962,1.0,0.0,0.0,6.030108213424683
198,198,0.343689233366149,0.9375,0.9346804511278195,0.1237102383876163,0.9375,0.9368686868686869,0.192537507776251,6.188405394554138,1.0,0.0003575229461585394,1.0,0.0,0.0,6.187690377235413
199,199,0.16226232042708943,1.0,1.0,0.03716765252842791,0.9375,0.9368686868686869,0.17585403757311724,5.925266742706299,1.0,0.00040900519159947635,1.0,0.0,0.0,5.924448728561401
200,200,0.25914599837415153,0.9375,0.9346804511278195,0.05270237346291351,0.875,0.875,0.30748249618955015,6.009218096733093,1.0,0.0003893089551496587,1.0,0.0,0.0,6.008439421653748
201,201,0.3349787877532435,0.875,0.875,0.10478471796363742,0.9375,0.9368686868686869,0.2508186980685423,6.240387320518494,1.0,0.0004514073657304607,1.0,0.0,0.0,6.239484429359436
202,202,0.19086535652763814,0.9375,0.9346804511278195,0.06304009263463461,0.9375,0.9368686868686869,0.12957034532337275,5.6566895842552185,1.0,0.0009387449007931536,1.0,0.0,0.0,5.654812216758728
203,203,0.2004168693538304,0.9375,0.9346804511278195,0.04698468709761627,0.9375,0.9368686868686869,0.21289499475460616,5.588297724723816,1.0,0.0008931834749574818,1.0,0.0,0.0,5.586511492729187
204,204,0.1900803967801039,1.0,1.0,0.04238126284138799,0.9375,0.9368686868686869,0.21063573919673217,5.050869584083557,1.0,0.00029291556983679357,1.0,0.0,0.0,5.050283789634705
205,205,0.24500393530706788,0.9375,0.9391339869281046,0.08901989818039624,1.0,1.0,0.13392827671304985,5.172009110450745,1.0,0.00015627047013566653,1.0,0.0,0.0,5.171696662902832
206,206,0.20108417816163637,1.0,1.0,0.040361719652233674,0.875,0.875,0.24072147832430346,5.368173003196716,1.0,0.00037962433270166684,1.0,0.0,0.0,5.367413759231567
207,207,0.15876077383472875,1.0,1.0,0.04040285130603749,0.9375,0.9368686868686869,0.15591014177880425,5.550727009773254,1.0,0.0006193074313998181,1.0,0.0,0.0,5.549488425254822
208,208,0.23577192590164486,0.9375,0.9346804511278195,0.07174052893570915,1.0,1.0,0.18458174508941738,5.92976450920105,1.0,0.0006225388660681119,1.0,0.0,0.0,5.928519606590271
209,209,0.18159548040239315,0.9375,0.9346804511278195,0.05558086043579591,1.0,1.0,0.14086751849754364,6.169345378875732,1.0,0.00039514780378624437,1.0,0.0,0.0,6.1685551404953
210,210,0.18941289925351157,0.9375,0.9346804511278195,0.05529495597590239,1.0,1.0,0.15764597555767068,6.372151970863342,1.0,0.00015984226359933018,1.0,0.0,0.0,6.371832370758057
211,211,0.21454490773339785,1.0,1.0,0.04207678296035766,0.875,0.875,0.2607826773337365,6.469085931777954,1.0,9.278872580864572e-05,1.0,0.0,0.0,6.468900442123413
212,212,0.18544093654691096,0.9375,0.9346804511278195,0.05587478673751445,1.0,1.0,0.14738273211378328,6.520011067390442,1.0,9.374257382432916e-05,1.0,0.0,0.0,6.519823670387268
213,213,0.1805930258118451,0.9375,0.9346804511278195,0.04547370560280939,0.9375,0.9368686868686869,0.17929123294766214,6.599564909934998,1.0,0.00013530041621834243,1.0,0.0,0.0,6.599294424057007
214,214,0.2887623028309463,1.0,1.0,0.052657195290407355,0.875,0.875,0.36689582537292154,5.903325617313385,1.0,0.0003539839067059347,1.0,0.0,0.0,5.9026177525520325
215,215,0.16036616702172068,1.0,1.0,0.04279817197655644,0.9375,0.9368686868686869,0.1495396435341263,5.4407578110694885,1.0,0.0009608675425027968,1.0,0.0,0.0,5.43883615732193
216,216,0.17658028038113116,1.0,1.0,0.03545474662291426,0.875,0.875,0.2113415753949539,5.432921946048737,1.0,0.0026873571143752883,1.0,0.0,0.0,5.42754727602005
217,217,0.1669663198708804,1.0,1.0,0.03718450099737636,0.9375,0.9368686868686869,0.18519463263100988,5.439957141876221,1.0,0.003831247988266284,1.0,0.0,0.0,5.432294726371765
218,218,0.2007123532857804,0.9375,0.9346804511278195,0.05249966290888608,0.9375,0.9368686868686869,0.19142606141849683,5.545056879520416,1.0,0.0025105715947049134,1.0,0.0,0.0,5.540035784244537
219,219,0.4158169439733683,0.875,0.8604166666666666,0.15057075080443028,0.9375,0.9368686868686869,0.22935089148222687,6.517100930213928,1.0,9.29385787173942e-05,1.0,0.0,0.0,6.516915023326874
220,220,0.2934492361705452,0.9375,0.9346804511278195,0.06433563792859287,0.875,0.8650568181818181,0.32955591168001774,5.58769828081131,1.0,0.0008086996715377381,1.0,0.0,0.0,5.586080968379974
221,221,1.186288283162412,0.9375,0.9391339869281046,0.28333852252480085,0.875,0.8465909090909091,1.2392224748455192,6.339012145996094,1.0,0.0005216047426301884,1.0,0.0,0.0,6.337968945503235
222,222,2.3985347167326836,0.875,0.9044117647058824,0.35327375566870955,0.6875,0.7059659090909091,3.3839744046126725,5.027509868144989,1.0,0.004284350027774053,1.0,0.0,0.0,5.018941164016724
223,223,1.4945394768583355,0.875,0.8870614035087718,0.2040663427906111,0.75,0.7035984848484848,2.1728136486417498,4.033043205738068,1.0,0.0003937543599477067,1.0,0.0,0.0,4.03225576877594
224,224,0.931917835790955,0.9375,0.9391339869281046,0.10327828142458984,0.75,0.7196969696969697,1.4507225586712593,2.8268799781799316,1.0,0.00013560535418832842,1.0,0.0,0.0,2.8266087770462036
225,225,0.822712704190053,0.875,0.875,0.24188640021552743,0.8125,0.7891414141414141,0.6778798124287277,2.8653133511543274,1.0,0.0005256126987660537,1.0,0.0,0.0,2.864262104034424
226,226,0.8050775659503415,0.875,0.8870614035087718,0.15132202117038673,0.75,0.7376893939393939,1.004867076408118,2.373604901134968,1.0,0.0021887376951781334,1.0,0.25,0.30000000000000004,2.3692274168133736
227,227,0.684920548053924,0.9375,0.9346804511278195,0.178994342641829,0.875,0.8697916666666667,0.6538637151243165,2.7698983252048492,1.0,0.005210415288274817,1.0,0.25,0.30000000000000004,2.7594774663448334
228,228,0.3473239384475164,1.0,1.0,0.054571142865484035,0.8125,0.8049242424242424,0.4763633031398058,2.698643745854497,1.0,0.0021236216173292632,1.0,0.25,0.30000000000000004,2.6943965572863817
229,229,0.3373958108131774,1.0,1.0,0.07671233068123229,0.875,0.8784722222222222,0.3679423021967523,2.899294435977936,1.0,0.0011549329486797433,1.0,0.25,0.30000000000000004,2.8969845175743103
230,230,0.3058251451002434,1.0,1.0,0.08785660736323564,0.9375,0.9368686868686869,0.26022386469412595,3.519824355840683,1.0,0.0008600748689104876,1.0,0.0,0.0,3.51810422539711
231,231,0.20076416406300268,1.0,1.0,0.04095249714204341,0.9375,0.9368686868686869,0.2377183451972087,3.8990661203861237,1.0,0.0006913225947187129,1.0,0.0,0.0,3.8976835310459137
232,232,0.239269548736047,0.9375,0.9346804511278195,0.05802747439029998,0.875,0.875,0.24642919516190886,4.0942345559597015,1.0,0.0007255128653014253,1.0,0.0,0.0,4.092783540487289
233,233,0.28820596648802166,0.9375,0.9346804511278195,0.06896096374622473,0.9375,0.9368686868686869,0.3005680910209776,4.454054236412048,1.0,0.0006721011736772198,1.0,0.0,0.0,4.452710032463074
234,234,0.18888219332438894,1.0,1.0,0.03844098834017684,0.9375,0.9368686868686869,0.22400043680681847,4.525306612253189,1.0,0.0005596638361566875,1.0,0.0,0.0,4.524187356233597
235,235,0.22681891401225585,0.9375,0.9346804511278195,0.054764071894084054,0.9375,0.9368686868686869,0.23458154757827288,4.678004860877991,1.0,0.0005946463057284745,1.0,0.0,0.0,4.676815629005432
236,236,0.19685730042328942,1.0,1.0,0.051592323899626535,0.9375,0.9368686868686869,0.18734530811343575,4.536503911018372,1.0,0.000513203660148065,1.0,0.0,0.0,4.535477638244629
237,237,0.20589474221560522,0.9375,0.9346804511278195,0.05296635064875366,0.9375,0.9368686868686869,0.19992408217513002,4.560115545988083,1.0,0.0005159365172460184,1.0,0.0,0.0,4.559083670377731
238,238,0.21506426456471672,0.9375,0.9346804511278195,0.04856589150877255,0.9375,0.9368686868686869,0.23586495798372198,4.5747210085392,1.0,0.0005758062106053785,1.0,0.0,0.0,4.573569566011429
239,239,0.1737435019399527,0.9375,0.9346804511278195,0.05213092979110989,0.9375,0.9368686868686869,0.13896329138060537,4.658321499824524,1.0,0.0005859461706734237,1.0,0.0,0.0,4.65714967250824
240,240,0.18042399560363265,1.0,1.0,0.03920924433816664,0.9375,0.9368686868686869,0.20401100898743607,4.714549243450165,1.0,0.0006052399839120426,1.0,0.0,0.0,4.713338792324066
241,241,0.2195583588036243,1.0,1.0,0.04478436714698075,0.875,0.875,0.2599792439468729,4.708662688732147,1.0,0.0005772229341687307,1.0,0.0,0.0,4.7075082659721375
242,242,0.23797971593012335,0.9375,0.9346804511278195,0.05106280814062103,0.875,0.875,0.2717082052877231,4.824700325727463,1.0,0.00045908982971809564,1.0,0.0,0.0,4.823782175779343
243,243,0.3130431577701529,0.9375,0.9346804511278195,0.05331001577536609,0.875,0.875,0.4128462494336418,4.778324604034424,1.0,0.00037156304276209084,1.0,0.0,0.0,4.777581572532654
244,244,0.3107974203376216,1.0,1.0,0.039007836553437425,0.8125,0.8106060606060606,0.46556349796810537,4.995061099529266,1.0,0.0003872339675510261,1.0,0.0,0.0,4.994286596775055
245,245,0.18639655396327726,1.0,1.0,0.038474182884648656,0.9375,0.9368686868686869,0.21889637599451817,4.103130638599396,1.0,0.0007329423638040566,1.0,0.0,0.0,4.101664781570435
246,246,0.20745816946691775,0.9375,0.9346804511278195,0.051184474585056705,0.9375,0.9368686868686869,0.21017843909430667,4.497699677944183,1.0,0.0006085170607477153,1.0,0.0,0.0,4.496482670307159
247,247,0.31334298708679853,1.0,1.0,0.0823498786917991,0.9375,0.9368686868686869,0.29728646234434564,5.0306859612464905,1.0,0.0004350697836326134,1.0,0.0,0.0,5.029815852642059
248,248,0.22833331206493312,0.9375,0.9346804511278195,0.05221171315022666,0.9375,0.9368686868686869,0.24781977477687178,5.429037094116211,1.0,0.000298365545857493,1.0,0.0,0.0,5.428440451622009
249,249,0.16172055902643478,1.0,1.0,0.03569244300836161,0.9375,0.9368686868686869,0.18067134840657673,5.623559832572937,1.0,0.00030929408057822627,1.0,0.0,0.0,5.622941374778748
250,250,0.2225645275198076,0.9375,0.9346804511278195,0.06242686808402098,0.9375,0.9368686868686869,0.19542157621344813,5.459811866283417,1.0,0.00042396868229133133,1.0,0.0,0.0,5.458963871002197
251,251,0.17714252455334645,0.9375,0.9346804511278195,0.04849971246820495,0.9375,0.9368686868686869,0.16028620114957448,5.7734938859939575,1.0,0.0004320886455246864,1.0,0.0,0.0,5.772629737854004
252,252,0.2570068129220999,0.9375,0.9346804511278195,0.06084143251575824,0.9375,0.9368686868686869,0.27064790173699294,5.946914553642273,1.0,0.00032239249048160445,1.0,0.0,0.0,5.946269869804382
253,253,0.21745976478814555,1.0,1.0,0.03415227460744985,0.875,0.875,0.298310430886886,6.001646637916565,1.0,0.0002601712967571501,1.0,0.0,0.0,6.001126408576965
254,254,0.2414739528339851,0.9375,0.9346804511278195,0.05932319514351869,0.9375,0.9368686868686869,0.24565512845947524,5.84495735168457,1.0,0.00021008783823894817,1.0,0.0,0.0,5.844537258148193
255,255,0.16585642985546656,0.9375,0.9346804511278195,0.05563256411123474,1.0,1.0,0.10918260367452604,6.2525211572647095,1.0,0.00018316658588268808,1.0,0.0,0.0,6.25215482711792
256,256,0.1827084528595151,1.0,1.0,0.04264350732273314,0.875,0.875,0.1948428706928098,6.5142107009887695,1.0,0.00018927208293284536,1.0,0.0,0.0,6.513832330703735
257,257,0.21592363051786378,1.0,1.0,0.04454058699448993,0.9375,0.9368686868686869,0.25368491771587287,6.279732704162598,1.0,0.00019758263442604118,1.0,0.0,0.0,6.279337644577026
258,258,0.15238759472231322,1.0,1.0,0.038721426101779866,1.0,1.0,0.14988948942846037,6.5062010288238525,1.0,0.000248475482292676,1.0,0.0,0.0,6.505704164505005
259,259,0.20065624887865852,1.0,1.0,0.05035858942569682,0.9375,0.9368686868686869,0.1998781413421966,6.627805948257446,1.0,0.000285037702267843,1.0,0.0,0.0,6.627236008644104
260,260,0.2257924969708256,1.0,1.0,0.04432697784966422,0.875,0.875,0.2742770803233725,6.6619240045547485,1.0,0.0002625572433299084,1.0,0.0,0.0,6.661399006843567
261,261,0.19188128484529443,0.9375,0.9346804511278195,0.04720855065116636,0.9375,0.9368686868686869,0.19492836113931844,6.551058292388916,1.0,0.00025868713964705137,1.0,0.0,0.0,6.550541043281555
262,262,0.4471689710235296,0.9375,0.9346804511278195,0.06757368033008504,0.8125,0.8124999999999999,0.624043219957457,4.600480496883392,1.0,5.7720564029750676e-05,1.0,0.0,0.0,4.600365042686462
263,263,0.38238671318913475,0.9375,0.9346804511278195,0.10730525574763305,0.875,0.8506944444444444,0.3355524082626289,4.971614956855774,1.0,3.2273959504891536e-05,1.0,0.0,0.0,4.971550464630127
264,264,0.21532561090180025,0.9375,0.9346804511278195,0.051437224012868654,0.9375,0.9368686868686869,0.22490232388463482,6.320376515388489,1.0,0.00011620692748692818,1.0,0.0,0.0,6.320144057273865
265,265,0.1460269251037971,1.0,1.0,0.039961024837765535,1.0,1.0,0.13220975473814178,6.639790415763855,1.0,0.00014257254952099174,1.0,0.0,0.0,6.6395052671432495
266,266,0.14988679546058847,1.0,1.0,0.03424885561754376,1.0,1.0,0.16277816709589388,6.679871678352356,1.0,0.00014626520351157524,1.0,0.0,0.0,6.679579257965088
267,267,0.33460144947457593,0.9375,0.9346804511278195,0.10649942061326101,0.875,0.875,0.2432052349213336,6.677939414978027,1.0,0.000121035202027997,1.0,0.0,0.0,6.677697420120239
268,268,0.241824672482835,1.0,1.0,0.040421319012748924,0.875,0.875,0.32196407585433917,6.632373929023743,1.0,0.00012133539530623239,1.0,0.0,0.0,6.632131218910217
269,269,0.17833163346040237,0.9375,0.9346804511278195,0.044903811557603035,0.9375,0.9368686868686869,0.1770480268096435,6.5623568296432495,1.0,0.00019449542014626786,1.0,0.0,0.0,6.561967849731445
270,270,0.23288582845998462,0.9375,0.9346804511278195,0.05183744928103984,0.9375,0.9368686868686869,0.25842186133377254,6.650644421577454,1.0,0.00014329049190564547,1.0,0.0,0.0,6.6503578424453735
271,271,0.1523433076999936,0.9375,0.9346804511278195,0.04626112980343322,1.0,1.0,0.11964209880898125,6.6631098985672,1.0,0.00014153101074043661,1.0,0.0,0.0,6.662826776504517
272,272,0.23804950635894784,0.9375,0.9346804511278195,0.05003509084235702,0.875,0.875,0.2759586498650606,6.455562710762024,1.0,0.0001509708890807815,1.0,0.0,0.0,6.455260872840881
273,273,0.20803334042341248,0.9375,0.9346804511278195,0.05514509535303036,0.9375,0.9368686868686869,0.19548629262976647,6.399722576141357,1.0,0.0003112973554380005,1.0,0.0,0.0,6.399100065231323
274,274,0.17380657541707478,0.9375,0.9346804511278195,0.04646494811501389,1.0,1.0,0.16175336032210907,6.359286546707153,1.0,0.00038541531102964655,1.0,0.0,0.0,6.358515739440918
275,275,0.16300708119706542,1.0,1.0,0.030037933199920985,0.9375,0.9368686868686869,0.20586242809167743,6.265575170516968,1.0,0.00045685529948968906,1.0,0.0,0.0,6.264661431312561
276,276,0.22226234941808798,0.9375,0.9346804511278195,0.04747849945889859,0.875,0.875,0.25461070732490043,6.050737619400024,1.0,0.0004685982748924289,1.0,0.0,0.0,6.049800515174866
277,277,0.20523659804166527,0.9375,0.9346804511278195,0.05988642828398616,0.9375,0.9368686868686869,0.170927477686746,6.308431148529053,1.0,0.00040051769610727206,1.0,0.0,0.0,6.3076300621032715
278,278,0.2002330144791813,0.9375,0.9346804511278195,0.05135163851118563,0.9375,0.9368686868686869,0.1950594770250973,6.44179904460907,1.0,0.000366030159057118,1.0,0.0,0.0,6.4410669803619385
279,279,0.16630669570895407,0.9375,0.9346804511278195,0.055271625489837106,1.0,1.0,0.11152688481206496,6.41542387008667,1.0,0.0004159357413300313,1.0,0.0,0.0,6.414591908454895
280,280,0.1966377247588298,0.9375,0.9346804511278195,0.050493869199697894,0.9375,0.9368686868686869,0.19129996960896278,6.429944634437561,1.0,0.00028842647770943586,1.0,0.0,0.0,6.429367780685425
281,281,0.16659680219800066,0.9375,0.9346804511278195,0.04658494203135888,0.9375,0.9368686868686869,0.1468538397591601,6.641548037528992,1.0,0.00026404657546663657,1.0,0.0,0.0,6.641019940376282
282,282,0.2237529788540087,0.9375,0.9346804511278195,0.055694649538309715,0.9375,0.9368686868686869,0.22472735456813098,6.686305046081543,1.0,0.0002476137869962258,1.0,0.0,0.0,6.685809850692749
283,283,0.2695020941664552,0.9375,0.9346804511278195,0.07678061987053297,0.9375,0.9368686868686869,0.23188170910634653,6.6679030656814575,1.0,0.00011969396473432425,1.0,0.0,0.0,6.66766357421875
284,284,0.16202031259444993,1.0,1.0,0.036711817563706006,0.9375,0.9368686868686869,0.1771933541913313,6.615993976593018,1.0,6.600619963137433e-05,1.0,0.0,0.0,6.615862011909485
285,285,0.21088986891800232,0.9375,0.9346804511278195,0.055171179054269714,0.875,0.875,0.20109501786737383,6.525104641914368,1.0,4.681675363826798e-05,1.0,0.0,0.0,6.52501118183136
286,286,0.18517815178120145,1.0,1.0,0.03884692367570608,0.9375,0.9368686868686869,0.21496861084142438,6.515489935874939,1.0,7.548130270151887e-05,1.0,0.0,0.0,6.515339016914368
287,287,0.18210422550487237,1.0,1.0,0.04102919190386656,0.9375,0.9368686868686869,0.20009167679882012,6.562863349914551,1.0,8.117224297166103e-05,1.0,0.0,0.0,6.562701106071472
288,288,0.2069112769095227,1.0,1.0,0.0378249120798837,0.9375,0.9368686868686869,0.26252290593401995,6.656804084777832,1.0,9.33877508941805e-05,1.0,0.0,0.0,6.6566174030303955
289,289,0.20467304964540745,0.9375,0.9346804511278195,0.048815277040297644,0.9375,0.9368686868686869,0.214084991933305,6.589383244514465,1.0,0.00011352722503943369,1.0,0.0,0.0,6.589156270027161
290,290,0.22629516924962445,0.9375,0.9346804511278195,0.058103692509269944,0.875,0.875,0.22017556477567268,6.70477032661438,1.0,7.9980135524238e-05,1.0,0.0,0.0,6.704610466957092
291,291,0.20663388592402043,0.9375,0.9346804511278195,0.056387736856492676,0.9375,0.9368686868686869,0.18771682229271391,6.790953278541565,1.0,9.705151751404628e-05,1.0,0.0,0.0,6.790759325027466
292,292,0.22603130298398355,1.0,1.0,0.04438710730114792,0.875,0.875,0.2745141803011393,6.761530876159668,1.0,0.00010601841404422885,1.0,0.0,0.0,6.761318802833557
293,293,0.18043181041412026,1.0,1.0,0.038424756577309704,0.9375,0.9368686868686869,0.2071645922933385,6.730252265930176,1.0,0.00013288832724356325,1.0,0.0,0.0,6.7299864292144775
294,294,0.20790110748475854,0.9375,0.9346804511278195,0.046700593311300054,0.875,0.875,0.22899984122886963,6.778530836105347,1.0,0.00013419882270682137,1.0,0.0,0.0,6.778262376785278
295,295,0.1925519670076028,1.0,1.0,0.04125065285358209,0.9375,0.9368686868686869,0.2201013268895622,6.799515008926392,1.0,0.00011605751296883682,1.0,0.0,0.0,6.799282908439636
296,296,0.17361207472595197,1.0,1.0,0.034773854330921505,0.875,0.875,0.2081287355558743,6.919092297554016,1.0,0.00012189606422907673,1.0,0.0,0.0,6.918848395347595
297,297,0.20539687232485448,0.9375,0.9346804511278195,0.05626066369560334,0.9375,0.9368686868686869,0.18575108717959665,6.935604214668274,1.0,9.022816902870545e-05,1.0,0.0,0.0,6.935423731803894
298,298,0.2543989399048314,0.9375,0.9346804511278195,0.04626612892492643,0.875,0.875,0.32373335851843876,6.86361825466156,1.0,6.630364987358917e-05,1.0,0.0,0.0,6.86348569393158
299,299,0.2140739785236292,1.0,1.0,0.03549839294450319,0.875,0.875,0.286154381776214,6.966646909713745,1.0,7.2948327215272e-05,1.0,0.0,0.0,6.966500997543335
300,300,0.22289264430901312,0.9375,0.9346804511278195,0.049848016175586984,0.875,0.875,0.24639322618804727,6.682765007019043,1.0,6.54702143947361e-05,1.0,0.0,0.0,6.682634115219116
301,301,0.20118052442012413,0.9375,0.9346804511278195,0.05078848784458456,0.875,0.875,0.1992070955238887,6.500816106796265,1.0,5.1316027565917466e-05,1.0,0.0,0.0,6.500713467597961
302,302,0.1985128895703383,1.0,1.0,0.041313815370898066,0.875,0.875,0.23177051200582355,6.527236104011536,1.0,7.047538019833155e-05,1.0,0.0,0.0,6.527095198631287
303,303,0.15975113997842527,1.0,1.0,0.03738743240802478,0.9375,0.9368686868686869,0.1699525545227516,6.617884039878845,1.0,8.266111490229378e-05,1.0,0.0,0.0,6.617718696594238
304,304,0.34368604691735527,0.875,0.875,0.11178913237667132,0.875,0.875,0.24021557793912507,6.476513028144836,1.0,0.00015707586953794817,1.0,0.0,0.0,6.47619903087616
305,305,0.25748337541335786,0.9375,0.9346804511278195,0.06638187770585091,0.875,0.875,0.24943923618957342,6.507956504821777,1.0,0.0003720339782375959,1.0,0.0,0.0,6.507212400436401
306,306,0.21922035446004884,0.9375,0.9346804511278195,0.055539830926225164,0.9375,0.9368686868686869,0.2162813833160726,6.45503568649292,1.0,0.00027082773704023566,1.0,0.0,0.0,6.454493999481201
307,307,0.17799894938048055,0.9375,0.9346804511278195,0.044179138356831515,1.0,1.0,0.17928135045940508,6.482627987861633,1.0,0.00019888860242645023,1.0,0.0,0.0,6.482230186462402
308,308,0.21040377005624578,0.9375,0.9346804511278195,0.05577663261865906,0.9375,0.9368686868686869,0.19770100430923776,6.646763205528259,1.0,0.00017169678358186502,1.0,0.0,0.0,6.6464197635650635
309,309,0.16674431773662945,1.0,1.0,0.03109086565956032,0.9375,0.9368686868686869,0.20912517574470257,6.782754063606262,1.0,0.0002311357807229797,1.0,0.0,0.0,6.782291769981384
310,310,0.17335285134959122,1.0,1.0,0.04129393673940562,0.9375,0.9368686868686869,0.1815299521167617,6.90346372127533,1.0,0.00029779305987176485,1.0,0.0,0.0,6.902868151664734
311,311,0.1874156805788516,1.0,1.0,0.04235825631674217,0.9375,0.9368686868686869,0.2053983379573765,6.966992974281311,1.0,0.00027332159652360133,1.0,0.0,0.0,6.966446399688721
312,312,0.17544701525946493,0.9375,0.9346804511278195,0.046092716023077074,0.9375,0.9368686868686869,0.16652316110844367,7.107514381408691,1.0,0.00025304671271442203,1.0,0.0,0.0,7.107008337974548
313,313,0.19160342456416402,1.0,1.0,0.043277040456885185,0.9375,0.9368686868686869,0.21009868113287666,7.123623728752136,1.0,0.00014786681163059257,1.0,0.0,0.0,7.123327970504761
314,314,0.16917894157177216,1.0,1.0,0.023362063173022474,0.9375,0.9368686868686869,0.24490963122116227,7.051153063774109,1.0,0.0001403903920618177,1.0,0.0,0.0,7.050872445106506
315,315,0.2437199857804444,0.9375,0.9346804511278195,0.06500548924533689,0.9375,0.9368686868686869,0.22741800488620356,6.973834872245789,1.0,0.00016007807107598637,1.0,0.0,0.0,6.973514676094055
316,316,0.12280049436481022,1.0,1.0,0.02006167610897691,1.0,1.0,0.1653542843168907,6.844875812530518,1.0,0.00012534819143183995,1.0,0.0,0.0,6.844625234603882
317,317,0.1857057427359905,0.9375,0.9346804511278195,0.05329681261341079,0.9375,0.9368686868686869,0.1582242317665532,6.768708229064941,1.0,0.0001264204508970579,1.0,0.0,0.0,6.768455386161804
318,318,0.1360115574542533,1.0,1.0,0.02452148158164169,1.0,1.0,0.17393718868856922,6.940807938575745,1.0,0.00010765350293695519,1.0,0.0,0.0,6.9405927658081055
319,319,0.19734644192294581,0.9375,0.9346804511278195,0.04892359888578923,0.9375,0.9368686868686869,0.19899848942895915,6.971511721611023,1.0,6.424607136068516e-05,1.0,0.0,0.0,6.971383333206177
320,320,0.1742117761920099,1.0,1.0,0.03568789627644087,0.9375,0.9368686868686869,0.20567196551678535,7.218697190284729,1.0,5.176167110221286e-05,1.0,0.0,0.0,7.2185938358306885
321,321,0.23253324249628804,0.9375,0.9346804511278195,0.07440722071555284,0.9375,0.9368686868686869,0.16743761500424625,7.639679551124573,1.0,9.536613220006984e-06,1.0,0.0,0.0,7.639660596847534
322,322,0.16616479711876764,1.0,1.0,0.029679587592434498,0.875,0.875,0.2136112441141904,7.551921486854553,1.0,7.68891686675488e-06,1.0,0.0,0.0,7.551906228065491
323,323,0.22825833448723643,0.9375,0.9346804511278195,0.07096123355063311,1.0,1.0,0.1726717345072757,7.847214698791504,1.0,3.54327939930954e-05,1.0,0.0,0.0,7.847143888473511
324,324,0.17699743098910403,1.0,1.0,0.03413609110523019,0.875,0.875,0.21745050036611246,7.977861642837524,1.0,5.107666402182076e-05,1.0,0.0,0.0,7.977759599685669
325,325,0.23333839423787595,0.9375,0.9346804511278195,0.0651449773094579,0.9375,0.9368686868686869,0.20609687112141728,7.916502594947815,1.0,8.78133969308692e-05,1.0,0.0,0.0,7.916326999664307
326,326,0.1889986807227615,0.9375,0.9346804511278195,0.05362162328461162,0.9375,0.9368686868686869,0.163510863605552,7.736194014549255,1.0,0.00028431420105334837,1.0,0.0,0.0,7.735625386238098
327,327,0.15004318625051383,1.0,1.0,0.025370595136103624,0.9375,0.9368686868686869,0.19860399307981424,7.557566285133362,1.0,0.0004486899451876525,1.0,0.0,0.0,7.5566688776016235
328,328,0.257368983008746,0.9375,0.9346804511278195,0.08828390799487806,1.0,1.0,0.16160233693244663,7.789863228797913,1.0,0.00020698378193628741,1.0,0.0,0.0,7.789449214935303
329,329,0.16947630130562175,1.0,1.0,0.036432694100113405,0.9375,0.9368686868686869,0.1932218274268962,7.95766282081604,1.0,0.0001407177560395212,1.0,0.0,0.0,7.9573814868927
330,330,0.20242477754106858,0.9375,0.9346804511278195,0.04555436519922207,0.875,0.875,0.2226320936645152,7.914693117141724,1.0,0.00012755191301039304,1.0,0.0,0.0,7.914438009262085
331,331,0.17430760173374438,1.0,1.0,0.03808257517332647,0.875,0.875,0.19628490452669212,7.81033194065094,1.0,0.00021207522945587698,1.0,0.0,0.0,7.809907913208008
332,332,0.15711273322540364,0.9375,0.9346804511278195,0.0435158855722122,1.0,1.0,0.14016191870780403,7.637364029884338,1.0,0.0003371711745785433,1.0,0.0,0.0,7.636689782142639
333,333,0.20499710457079345,0.9375,0.9346804511278195,0.05226128786918105,0.9375,0.9368686868686869,0.2009490548480244,7.6423457860946655,1.0,0.00034389910842946847,1.0,0.0,0.0,7.641658067703247
334,334,0.24900188880337737,0.9375,0.9346804511278195,0.07610485878006967,0.9375,0.9368686868686869,0.1935843435728657,7.8703155517578125,1.0,0.00020502103507169522,1.0,0.0,0.0,7.869905591011047
335,335,0.22413850944485603,0.9375,0.9346804511278195,0.05538347334177729,0.875,0.875,0.22674312924482365,8.155413746833801,1.0,9.889622833725298e-05,1.0,0.0,0.0,8.155215859413147
336,336,0.278162832688281,0.9375,0.9346804511278195,0.06177308802278603,0.875,0.875,0.30923331947974475,8.260116934776306,1.0,5.057023554400075e-05,1.0,0.0,0.0,8.260015964508057
337,337,0.17674936578760025,0.9375,0.9346804511278195,0.04551012105571317,0.9375,0.9368686868686869,0.17145824893941608,8.142127990722656,1.0,1.9817962083834573e-05,1.0,0.0,0.0,8.142088294029236
338,338,0.17423223137734567,0.9375,0.9346804511278195,0.0445974474005193,0.9375,0.9368686868686869,0.17007467217763406,8.0742849111557,1.0,1.4781627214688342e-05,1.0,0.0,0.0,8.074255466461182
339,339,0.17661890314536777,1.0,1.0,0.039583954573036095,0.9375,0.9368686868686869,0.1949019908140599,8.115730285644531,1.0,2.1814527372043813e-05,1.0,0.0,0.0,8.115686655044556
340,340,0.1781053429564281,1.0,1.0,0.03819887094059382,0.9375,0.9368686868686869,0.2034152043395352,8.156750679016113,1.0,1.8506710603105603e-05,1.0,0.0,0.0,8.156713724136353
341,341,0.19189503934654795,1.0,1.0,0.0381913251484276,0.875,0.875,0.23102477345685202,8.202051997184753,1.0,2.226155129392282e-05,1.0,0.0,0.0,8.20200765132904
342,342,0.13166942649274915,1.0,1.0,0.030366549788894304,0.9375,0.9368686868686869,0.14187265078760447,8.393507361412048,1.0,2.9145287044229917e-05,1.0,0.0,0.0,8.393449187278748
343,343,0.1283814263487102,1.0,1.0,0.03173205298278914,1.0,1.0,0.12983463702289555,8.702016592025757,1.0,1.4871094663249096e-05,1.0,0.0,0.0,8.70198678970337
344,344,0.19833639110379409,1.0,1.0,0.04044794923515793,0.875,0.875,0.23488098002940205,8.778176546096802,1.0,1.0847911198652582e-05,1.0,0.0,0.0,8.778155088424683
345,345,0.2663618992772854,1.0,1.0,0.033132902563977495,0.9375,0.9368686868686869,0.40019219013242946,8.158656477928162,1.0,3.27825373958035e-07,1.0,0.0,0.0,8.158655881881714
346,346,0.2250224194896191,1.0,1.0,0.03679993834973594,0.9375,0.9368686868686869,0.30284509140369664,7.006131052970886,1.0,1.367902791571396e-05,1.0,0.0,0.0,7.006103754043579
347,347,0.5806529907613367,0.9375,0.9346804511278195,0.07115192638920576,0.75,0.7395833333333333,0.8766982616998575,6.64052152633667,1.0,0.00014321872731670737,1.0,0.0,0.0,6.640235066413879
348,348,1.9870736170350938,0.875,0.8703947368421052,0.2077127065381319,0.5625,0.47916666666666663,3.14329639675816,2.1040239334106445,1.0,0.0007702482962486101,1.0,0.0,0.0,2.1024834513664246
349,349,0.746257269376656,1.0,1.0,0.0731792251334582,0.75,0.7291666666666666,1.1997976444545202,2.2849071621894836,1.0,0.000575062382267788,1.0,0.0,0.0,2.2837570309638977
350,350,0.5379230177495629,1.0,1.0,0.032903915814131324,0.875,0.8784722222222222,0.9442303676041774,4.658884435892105,1.0,0.0026537385419924675,1.0,0.0,0.0,4.653577029705048
351,351,0.45944574857639964,0.9375,0.9346804511278195,0.06337528066933018,0.875,0.8743686868686869,0.6653903735204949,3.9154083132743835,1.0,0.005279811797578304,1.0,0.0,0.0,3.9048487544059753
352,352,0.2565866196528077,1.0,1.0,0.053861761454484736,0.9375,0.9368686868686869,0.29772619175491855,4.028111219406128,1.0,0.002526276424745788,1.0,0.0,0.0,4.023058652877808
353,353,0.2581104018318001,0.9375,0.9346804511278195,0.055622080850255884,0.9375,0.9368686868686869,0.29373248490446713,4.574728608131409,1.0,0.0015044214524078114,1.0,0.0,0.0,4.571719765663147
354,354,0.22424747949116863,0.9375,0.9346804511278195,0.046754584799913346,0.9375,0.9368686868686869,0.26147661417053314,5.611390829086304,1.0,0.0010487874315003864,1.0,0.0,0.0,5.609293222427368
355,355,0.22415968058339786,1.0,1.0,0.03833731096932125,0.9375,0.9368686868686869,0.29497011112835025,5.716591775417328,1.0,0.0008889058517524973,1.0,0.0,0.0,5.714813947677612
356,356,0.18799840434894577,1.0,1.0,0.04226773393004635,0.9375,0.9368686868686869,0.206925879136179,5.535400867462158,1.0,0.0007541595259681344,1.0,0.0,0.0,5.533892512321472
357,357,0.40850586495412244,0.875,0.8703947368421052,0.15484052527903414,1.0,1.0,0.1976496166639663,5.635280787944794,1.0,0.00021526616637856932,1.0,0.0,0.0,5.634850263595581
358,358,0.20571075564203056,0.9375,0.9346804511278195,0.047837533442354196,0.9375,0.9368686868686869,0.22007137569016777,5.330227434635162,1.0,0.0001335708525402879,1.0,0.0,0.0,5.329960346221924
359,359,0.24366643181019754,0.9375,0.9346804511278195,0.0646693584256317,0.9375,0.9368686868686869,0.2286554288766638,5.696048319339752,1.0,0.00017637076825849363,1.0,0.0,0.0,5.695695638656616
360,360,0.2018004058572842,0.9375,0.9346804511278195,0.05889554230054683,1.0,1.0,0.16801864473018213,6.074317991733551,1.0,0.0002629606156006048,1.0,0.0,0.0,6.0737921595573425
361,361,0.20645717858860735,1.0,1.0,0.04096055930613218,0.875,0.875,0.2490721139274683,5.671059340238571,1.0,0.00020028269750582695,1.0,0.0,0.0,5.670658886432648
362,362,0.2543411406472842,0.9375,0.9346804511278195,0.07497546129166377,0.9375,0.9368686868686869,0.20878043597895157,5.951607704162598,1.0,0.0007599333857779556,1.0,0.0,0.0,5.9500879645347595
363,363,0.1553500794179854,1.0,1.0,0.023436210855372508,0.9375,0.9368686868686869,0.21695531788009248,5.768239676952362,1.0,0.0008637456885480788,1.0,0.0,0.0,5.766512215137482
364,364,0.2436729425608064,0.9375,0.9346804511278195,0.047611428198251815,0.875,0.875,0.2969001672390732,5.768116116523743,1.0,0.0008506691992806736,1.0,0.0,0.0,5.766414761543274
365,365,0.19804574587578827,1.0,1.0,0.04901079316211643,0.9375,0.9368686868686869,0.20004832590711885,5.989630818367004,1.0,0.0004477205457078526,1.0,0.0,0.0,5.988735377788544
366,366,0.1752742558837781,1.0,1.0,0.039465984684113664,0.9375,0.9368686868686869,0.19268457188809407,6.17808997631073,1.0,0.000291728912088729,1.0,0.0,0.0,6.177506506443024
367,367,0.23637210286324262,0.9375,0.9346804511278195,0.05307779641665178,0.9375,0.9368686868686869,0.26043302442121785,6.042990207672119,1.0,0.00023325038819166366,1.0,0.0,0.0,6.042523682117462
368,368,0.34576368626585463,1.0,1.0,0.037067195465993574,0.875,0.875,0.5432585897651734,4.357087224721909,1.0,7.830873278180661e-05,1.0,0.0,0.0,4.356930613517761
369,369,0.25346121229995333,1.0,1.0,0.04104097993749001,0.9375,0.9368686868686869,0.3427585006720619,4.731027543544769,1.0,5.632050852000248e-05,1.0,0.0,0.0,4.730914890766144
370,370,0.1766677157720551,1.0,1.0,0.03131072159703541,0.9375,0.9368686868686869,0.22809254691969727,4.866861879825592,1.0,5.527769440050179e-05,1.0,0.0,0.0,4.8667513728141785
371,371,0.21196138858977065,1.0,1.0,0.06637267010086845,0.9375,0.9368686868686869,0.15843209762169863,4.72542268037796,1.0,2.9204778911662288e-05,1.0,0.0,0.0,4.72536426782608
372,372,0.18829320112490677,1.0,1.0,0.04693546518989633,0.9375,0.9368686868686869,0.18884454314684262,4.7687095403671265,1.0,1.1354488833603682e-05,1.0,0.0,0.0,4.768686890602112
373,373,0.1593960061973121,1.0,1.0,0.02382443655815436,0.875,0.875,0.22349426592336386,5.037464261054993,1.0,1.2427354477040353e-05,1.0,0.0,0.0,5.037439465522766
374,374,0.16522457682822278,1.0,1.0,0.028620672033798922,0.875,0.875,0.21596646207217418,5.236781299114227,1.0,1.549689545754518e-05,1.0,0.0,0.0,5.236750304698944
375,375,0.19928799132321728,0.9375,0.9346804511278195,0.04647162654873105,0.875,0.875,0.21268947491262225,5.4879836440086365,1.0,1.403658109211392e-05,1.0,0.0,0.0,5.487955629825592
376,376,0.17695667660154868,1.0,1.0,0.029186488321044646,0.875,0.875,0.23716740151576232,5.79902970790863,1.0,1.5973591871443205e-05,1.0,0.0,0.0,5.798997759819031
377,377,0.15225699420261662,1.0,1.0,0.021008918351640204,0.875,0.875,0.2204783118031628,5.948083162307739,1.0,2.2738201437277894e-05,1.0,0.0,0.0,5.94803774356842
378,378,0.11661015740901348,1.0,1.0,0.010704152022356084,0.9375,0.9368686868686869,0.19040370782022364,6.135335564613342,1.0,2.395997154280849e-05,1.0,0.0,0.0,6.135287761688232
379,379,0.1000611856497926,1.0,1.0,0.011750812180137515,1.0,1.0,0.15311912404467876,6.036496639251709,1.0,2.0324381523550983e-05,1.0,0.0,0.0,6.036455988883972
380,380,0.15738337912262068,1.0,1.0,0.03495375868547823,1.0,1.0,0.17495172073176946,5.9542471170425415,1.0,2.5360513859595812e-05,1.0,0.0,0.0,5.954196453094482
381,381,0.5174659039003018,1.0,1.0,0.012898189043459851,0.75,0.75,0.9833390367584798,5.349336564540863,1.0,0.000613548414548859,1.0,0.0,0.0,5.348109424114227
382,382,0.13821385760638805,1.0,1.0,0.016787758308851153,0.9375,0.9368686868686869,0.20927668170406832,5.2682662308216095,1.0,0.0005185813934076577,1.0,0.0,0.0,5.267229050397873
383,383,0.12020079439753317,1.0,1.0,0.014265728674821787,0.9375,0.9368686868686869,0.18333867422916228,5.505957335233688,1.0,0.00040527540841139853,1.0,0.0,0.0,5.505146831274033
384,384,0.16916627992713984,1.0,1.0,0.042869498607365664,1.0,1.0,0.16685457240146206,5.6587070524692535,1.0,0.00033295667526545003,1.0,0.0,0.0,5.658041179180145
385,385,0.26363567214866634,0.9375,0.9346804511278195,0.08192515803670952,0.9375,0.9368686868686869,0.1995707217774907,5.9902567863464355,1.0,0.0002473736312822439,1.0,0.0,0.0,5.989762008190155
386,386,0.16864067857022746,1.0,1.0,0.021950463035071532,0.9375,0.9368686868686869,0.24947950449677592,5.930899739265442,1.0,0.00034042976039927453,1.0,0.0,0.0,5.930218815803528
387,387,0.2884840606511716,0.875,0.8703947368421052,0.11080366305878853,1.0,1.0,0.13375346258726495,6.668590724468231,1.0,7.431909125443781e-05,1.0,0.0,0.0,6.668442130088806
388,388,0.1717211161508203,1.0,1.0,0.03324442579620479,0.875,0.875,0.21046453156759526,6.729841411113739,1.0,4.5533920513207704e-05,1.0,0.0,0.0,6.729750454425812
389,389,0.12467646374352626,1.0,1.0,0.021460282468527936,0.9375,0.9368686868686869,0.16351179477169353,6.463503420352936,1.0,3.540268866686347e-05,1.0,0.0,0.0,6.463432669639587
390,390,0.152489560829963,1.0,1.0,0.01642178546262496,0.875,0.875,0.2392919807934959,6.3829136192798615,1.0,2.7476240560986298e-05,1.0,0.0,0.0,6.382858604192734
391,391,0.16013063723170262,1.0,1.0,0.04031235440030656,1.0,1.0,0.15901186039889126,6.506688177585602,1.0,3.3674361473501335e-05,1.0,0.0,0.0,6.50662088394165
392,392,0.17837596990671045,1.0,1.0,0.030409879669579976,0.875,0.875,0.23511242041195146,6.734408855438232,1.0,5.217843499139008e-05,1.0,0.0,0.0,6.73430460691452
393,393,0.13972024901772784,1.0,1.0,0.009287797218419769,0.9375,0.9368686868686869,0.24228931006518906,5.801405727863312,1.0,3.871022999391016e-05,1.0,0.0,0.0,5.801328420639038
394,394,0.11988549467059784,1.0,1.0,0.017724594947459593,1.0,1.0,0.16887260624935152,4.590459644794464,1.0,3.757791635905505e-05,1.0,0.0,0.0,4.590384542942047
395,395,0.6087514166374604,0.9375,0.9346804511278195,0.049414177933513326,0.75,0.75,1.019846117535053,6.405039012432098,1.0,0.0003277598006690141,1.0,0.0,0.0,6.404383540153503
396,396,0.19911047210325705,1.0,1.0,0.030540349778956255,0.875,0.875,0.2760595457762065,4.0071000419557095,1.0,9.228212638845434e-05,1.0,0.25,0.375,4.006915505975485
397,397,0.12451792807223683,1.0,1.0,0.010936274551568204,0.875,0.875,0.20529075728336466,4.742055598646402,1.0,7.69379756775379e-05,1.0,0.25,0.375,4.741901699453592
398,398,0.157644058983351,1.0,1.0,0.038216733719931284,1.0,1.0,0.1624211819453194,4.75047979131341,1.0,0.0001325263542639732,1.0,0.25,0.375,4.750214729458094
399,399,0.13341014055345113,1.0,1.0,0.0049205473620630436,0.875,0.875,0.24713809056765967,4.534578695893288,1.0,8.134770200740604e-05,1.0,0.25,0.375,4.534416034817696
400,400,0.14421300391768455,1.0,1.0,0.012769083928503733,0.875,0.875,0.2373496681029792,4.392185486853123,1.0,0.000108309633560566,1.0,0.25,0.375,4.391968943178654
401,401,0.11736105446289002,1.0,1.0,0.005217060816754326,0.9375,0.9368686868686869,0.21385386518250016,4.924183435738087,1.0,0.00013059062325737614,1.0,0.25,0.375,4.923922248184681
402,402,0.10069175308854028,1.0,1.0,0.005277350214723864,0.9375,0.9368686868686869,0.18027410586546466,5.414462581276894,1.0,0.00013067961378965265,1.0,0.0,0.0,5.414201155304909
403,403,0.14338945042891282,1.0,1.0,0.03130368572759323,1.0,1.0,0.1615641641124057,5.8022585809230804,1.0,0.00020927517562085995,1.0,0.0,0.0,5.801840037107468
404,404,0.15866760309518213,1.0,1.0,0.02703437322743696,0.9375,0.9368686868686869,0.2091977143807071,5.752227308694273,1.0,0.00026693044128478505,1.0,0.25,0.375,5.751693489495665
405,405,0.10354108148271735,1.0,1.0,0.00688910801124365,1.0,1.0,0.1795257312855938,5.784830676391721,1.0,0.00019776047702180222,1.0,0.25,0.375,5.784435139968991
406,406,0.1400575851839676,1.0,1.0,0.028920518691446517,1.0,1.0,0.1644330941271619,5.678994302405044,1.0,3.05458192997321e-05,1.0,0.25,0.375,5.678933267248794
407,407,0.09992802618950236,1.0,1.0,0.0026889186446563684,0.9375,0.9368686868686869,0.18910037765465404,5.709109810180962,1.0,1.1384268759684346e-05,1.0,0.25,0.375,5.709087160415947
408,408,0.10930681435820588,1.0,1.0,0.0021059433937304917,0.9375,0.9368686868686869,0.21018985541013535,5.817869232036173,1.0,6.943863127162331e-06,1.0,0.25,0.375,5.8178554037585855
409,409,0.10841066774628416,1.0,1.0,0.00485384867152483,0.9375,0.9368686868686869,0.1974059407984896,5.708744713687338,1.0,4.500121747241792e-06,1.0,0.25,0.375,5.708735892199911
410,410,0.1932487119754569,0.9375,0.9346804511278195,0.052363381016967026,0.9375,0.9368686868686869,0.17704390040626095,5.7315715089207515,1.0,2.6821993515113718e-06,1.0,0.25,0.375,5.731566263712011
411,411,0.11835834671342127,1.0,1.0,0.004127804358091236,0.875,0.875,0.22020547606416585,5.764431260002311,1.0,3.0398247758967045e-06,1.0,0.25,0.375,5.764425180328544
412,412,0.25194624843879865,0.9375,0.9346804511278195,0.07734738899331539,0.9375,0.9368686868686869,0.19450294418311387,5.67658767363173,1.0,6.1392297538986895e-06,1.0,0.25,0.375,5.676575395074906
413,413,0.09233850687462564,1.0,1.0,0.003732639332153731,1.0,1.0,0.16974645617142414,5.820874290599022,1.0,6.288229883466556e-06,1.0,0.25,0.375,5.820861773623619
414,414,0.19463682357968537,1.0,1.0,0.033498906023812225,0.875,0.875,0.25527802220085505,5.938100496859988,1.0,1.010281317803674e-05,1.0,0.25,0.375,5.938080231280765
415,415,0.10547959305381482,1.0,1.0,0.0008625475935364335,0.875,0.875,0.2075089958393619,5.908368537347997,1.0,1.0788236863845668e-05,1.0,0.25,0.375,5.908346960466588
416,416,0.10408969769923715,1.0,1.0,0.013856770647169725,1.0,1.0,0.1527523127817858,5.897933437197935,1.0,7.420690849357925e-06,1.0,0.25,0.375,5.8979186552460305
417,417,0.3347248240547742,1.0,1.0,0.007370673407306683,0.8125,0.7897727272727273,0.6399669546835867,6.620183706283569,1.0,0.0010057399922516197,1.0,0.0,0.0,6.6181721687316895
418,418,1.6283733788573045,0.875,0.9,0.4771893331555339,0.8125,0.8124999999999999,1.3479894318434162,6.136713624000549,1.0,0.0008218691072841011,1.0,0.0,0.0,6.135069966316223
419,419,0.7583633583245728,1.0,1.0,0.06974288283345587,0.8125,0.8125,1.2377551786371441,7.568191707134247,1.0,8.135905744666161e-06,1.0,0.0,0.0,7.568175494670868
420,420,0.7717682194606539,0.9375,0.9346804511278195,0.05880731401555295,0.875,0.8650568181818181,1.3083071878746182,4.005953431129456,1.0,7.932120933951126e-05,1.0,0.0,0.0,4.005794823169708
421,421,0.1348184045891685,1.0,1.0,0.016592176368245504,0.9375,0.9368686868686869,0.20326810656843008,3.8898593187332153,1.0,0.00018848826584161316,1.0,0.0,0.0,3.8894823789596558
422,422,0.21290622551623528,1.0,1.0,0.018378976691437288,0.875,0.8784722222222222,0.3522965468418988,5.507795453071594,1.0,8.173446253856298e-05,1.0,0.0,0.0,5.507632076740265
423,423,0.257410742310185,1.0,1.0,0.034015851203867964,0.875,0.875,0.3787580804846584,5.999684274196625,1.0,6.013389062609065e-05,1.0,0.0,0.0,5.999564111232758
424,424,0.16357871623267783,1.0,1.0,0.021805021555951765,0.9375,0.9368686868686869,0.23993734997679894,6.466227412223816,1.0,4.255412926390534e-05,1.0,0.0,0.0,6.466142416000366
425,425,0.12776067959657667,1.0,1.0,0.015297318525666626,0.9375,0.9368686868686869,0.1943320856162245,6.626554727554321,1.0,3.704158359418841e-05,1.0,0.0,0.0,6.62648069858551
426,426,0.10909959367381816,1.0,1.0,0.008338389799795731,0.9375,0.9368686868686869,0.1848456280577011,6.728705286979675,1.0,2.750606637214048e-05,1.0,0.0,0.0,6.728650331497192
427,427,0.10298154459815123,1.0,1.0,0.0033148327877645656,0.9375,0.9368686868686869,0.19270375831365527,6.855211019515991,1.0,2.3751350310519115e-05,1.0,0.0,0.0,6.85516357421875
428,428,0.15186840428282267,1.0,1.0,0.029570183963186114,1.0,1.0,0.1854560695123837,6.783759951591492,1.0,3.61178570056353e-05,1.0,0.0,0.0,6.7836878299713135
429,429,0.8271870493026654,1.0,1.0,0.01711284186016826,0.75,0.7569444444444444,1.5859227428336453,6.092787742614746,1.0,0.0002965966687025201,1.0,0.0,0.0,6.092194557189941
430,430,0.4058127755179157,1.0,1.0,0.04278629345084539,0.8125,0.8049242424242424,0.6404803765271936,6.361886560916901,1.0,6.832820207591794e-05,1.0,0.0,0.0,6.36175000667572
431,431,0.16634906280114592,1.0,1.0,0.009545580347079863,0.875,0.875,0.2945158038041882,6.02644419670105,1.0,0.00010586592064498745,1.0,0.0,0.0,6.026232600212097
432,432,0.15617075911222855,1.0,1.0,0.018928843419380836,0.875,0.875,0.23662614467684762,5.933304131031036,1.0,0.00010381029664330299,1.0,0.0,0.0,5.9330965876579285
433,433,0.1343113829198046,1.0,1.0,0.014392362467390285,0.9375,0.9368686868686869,0.2110533157192549,5.928383052349091,1.0,7.681899682410176e-05,1.0,0.0,0.0,5.92822939157486
434,434,0.12157782207759738,1.0,1.0,0.004813154406526632,0.9375,0.9368686868686869,0.22390302710482501,6.126516401767731,1.0,6.591445241355132e-05,1.0,0.0,0.0,6.126384496688843
435,435,0.1421866417560409,1.0,1.0,0.01623130203001999,0.9375,0.9368686868686869,0.21944807566376312,6.152431488037109,1.0,2.446662506194741e-05,1.0,0.0,0.0,6.1523826122283936
436,436,0.10607637581415474,1.0,1.0,0.001752739019242,0.875,0.875,0.20514179507699737,6.175560772418976,1.0,1.9937048817197933e-05,1.0,0.0,0.0,6.175521075725555
437,437,0.09770781994484423,1.0,1.0,0.003441097691599282,0.9375,0.9368686868686869,0.18165124951701728,6.185996472835541,1.0,1.9132439318170213e-05,1.0,0.0,0.0,6.1859583258628845
438,438,0.15225138314144715,1.0,1.0,0.030002817659056547,0.9375,0.9368686868686869,0.1844914930293271,6.0695382952690125,1.0,3.1350147139619366e-05,1.0,0.0,0.0,6.069475710391998
439,439,0.11637379858893837,1.0,1.0,0.009894560410437236,0.9375,0.9368686868686869,0.19316935358983756,6.265332221984863,1.0,3.099256292671271e-05,1.0,0.0,0.0,6.265270352363586
440,440,0.11929811232039356,1.0,1.0,0.0016997492106010093,0.875,0.875,0.23179722787062929,6.326957046985626,1.0,2.8489453541169496e-05,1.0,0.0,0.0,6.326900064945221
441,441,0.12169027801610355,1.0,1.0,0.004123509966479144,0.9375,0.9368686868686869,0.22688651616954303,6.3853970766067505,1.0,3.736940135468103e-05,1.0,0.0,0.0,6.385322332382202
442,442,0.12813993558302172,1.0,1.0,0.02689968454292524,1.0,1.0,0.14868112997646676,6.4663501381874084,1.0,2.1695195187021454e-05,1.0,0.0,0.0,6.4663068652153015
443,443,0.09375464142431156,1.0,1.0,0.005870697091266308,1.0,1.0,0.16402649533119984,6.3203887939453125,1.0,1.3559708946786486e-05,1.0,0.0,0.0,6.320361852645874
444,444,0.09951004130925867,1.0,1.0,0.005403556620162675,0.9375,0.9368686868686869,0.17740585578030732,6.258467078208923,1.0,1.1265038438068586e-05,1.0,0.0,0.0,6.258444547653198
445,445,0.12195425335448817,1.0,1.0,0.0005118877073679862,0.875,0.875,0.24186095581171685,6.343909561634064,1.0,1.0609415539875044e-05,1.0,0.0,0.0,6.343888461589813
446,446,0.09792977670258551,1.0,1.0,0.005128179685931045,1.0,1.0,0.17534683406302065,6.420985221862793,1.0,1.1175636899452002e-05,1.0,0.0,0.0,6.420962810516357
447,447,0.09361837167716658,1.0,1.0,0.000740586418189082,0.9375,0.9368686868686869,0.1842743977695136,6.462137222290039,1.0,1.1503447893801422e-05,1.0,0.0,0.0,6.462114334106445
448,448,0.13022438822258664,1.0,1.0,0.01852488306027844,0.875,0.875,0.18634924787306772,6.385064601898193,1.0,1.5139143812348266e-05,1.0,0.0,0.0,6.3850343227386475
449,449,0.10084173643554095,1.0,1.0,0.008629860673689205,1.0,1.0,0.1671640306331028,6.455936849117279,1.0,9.834587814339102e-06,1.0,0.0,0.0,6.455917298793793
450,450,0.09754721613080619,1.0,1.0,0.0067299325060163895,0.9375,0.9368686868686869,0.16817470189880623,6.526707470417023,1.0,7.986906581436415e-06,1.0,0.0,0.0,6.526691496372223
451,451,0.09486217422545451,1.0,1.0,0.0012031515776094182,0.9375,0.9368686868686869,0.18491174220616813,6.465152263641357,1.0,6.705440910081961e-06,1.0,0.0,0.0,6.465139031410217
452,452,0.17852312874310883,1.0,1.0,0.020594367227923627,0.875,0.875,0.27466878844188614,6.237273037433624,1.0,5.721985758100345e-06,1.0,0.0,0.0,6.237261593341827
453,453,0.2718893054320688,0.9375,0.9347222222222222,0.08674692497717684,0.9375,0.9368686868686869,0.1967908987071496,6.373811304569244,1.0,2.1159562475503435e-06,1.0,0.0,0.0,6.3738072514534
454,454,0.09869755312979578,1.0,1.0,0.00020423643989531115,0.9375,0.9368686868686869,0.1965781604053518,6.470182418823242,1.0,2.682194690351025e-06,1.0,0.0,0.0,6.470177173614502
455,455,0.11786417019766304,1.0,1.0,0.017640015297578415,1.0,1.0,0.16516827962004754,6.35187554359436,1.0,2.861006578314118e-06,1.0,0.0,0.0,6.351869821548462
456,456,0.11732745122225197,1.0,1.0,0.00113717925520751,0.875,0.875,0.2301061854126374,6.293278276920319,1.0,3.6954606912331656e-06,1.0,0.0,0.0,6.2932708859443665
457,457,0.09034566069340144,1.0,1.0,0.0010227062018728361,0.9375,0.9368686868686869,0.17660049678579526,6.37508887052536,1.0,4.053083102917299e-06,1.0,0.0,0.0,6.375080764293671
458,458,0.09178490670001338,1.0,1.0,0.0017005314671152405,0.9375,0.9368686868686869,0.17676768741796423,6.450537741184235,1.0,4.4405064727470744e-06,1.0,0.0,0.0,6.450528919696808
459,459,0.09057458226538984,1.0,1.0,0.0005910982094583517,0.9375,0.9368686868686869,0.1787847717198474,6.433724105358124,1.0,4.470308340387419e-06,1.0,0.0,0.0,6.433715283870697
460,460,0.08919692717972794,1.0,1.0,0.0008312049395082788,0.9375,0.9368686868686869,0.1750690346052579,6.579422891139984,1.0,4.589515356201446e-06,1.0,0.0,0.0,6.579413831233978
461,461,0.0872632046966828,1.0,1.0,0.0010511832798183463,1.0,1.0,0.17032167634897633,6.6180673241615295,1.0,4.6491190914821345e-06,1.0,0.0,0.0,6.618058025836945
462,462,0.09634760040171386,1.0,1.0,0.00016057852846129705,1.0,1.0,0.19205288666307752,6.76432067155838,1.0,4.9769382712838706e-06,1.0,0.0,0.0,6.764310657978058
463,463,0.090626447240993,1.0,1.0,0.0059025035967290584,0.9375,0.9368686868686869,0.15764287997535575,7.217869162559509,1.0,6.31801231065765e-06,1.0,0.0,0.0,7.217856526374817
464,464,0.10644382441842026,1.0,1.0,0.002508213521942082,0.875,0.875,0.20285479432823195,7.3267693519592285,1.0,6.407417004083982e-06,1.0,0.0,0.0,7.326756477355957
465,465,0.11120842142042875,1.0,1.0,0.005763850580818186,0.9375,0.9368686868686869,0.19936144016605795,7.315446615219116,1.0,7.361065399891231e-06,1.0,0.0,0.0,7.315431833267212
466,466,0.1083245966551658,1.0,1.0,0.00026248619400304207,0.875,0.875,0.21559924854136625,7.260566830635071,1.0,1.123522270063404e-05,1.0,0.0,0.0,7.260544419288635
467,467,0.08780708170070284,1.0,1.0,0.00750920994319948,1.0,1.0,0.14557732343382668,7.2580660581588745,1.0,6.70543249725597e-06,1.0,0.0,0.0,7.258052706718445
468,468,0.09068207324071409,1.0,1.0,0.0061313940155400815,0.9375,0.9368686868686869,0.15683857095064013,7.230011582374573,1.0,5.4835672926856205e-06,1.0,0.0,0.0,7.230000615119934
469,469,0.11559057919288307,1.0,1.0,0.007294431363977338,0.875,0.875,0.20200343277065258,7.217372953891754,1.0,9.655766007199418e-06,1.0,0.0,0.0,7.217353641986847
470,470,0.12759771554442523,1.0,1.0,0.016974433270656064,0.9375,0.9368686868686869,0.187297699960709,7.074166119098663,1.0,1.1980246199527755e-05,1.0,0.0,0.0,7.074142277240753
471,471,0.22782471293430717,0.9375,0.9346804511278195,0.0766176460904262,1.0,1.0,0.14917885190834568,6.913797914981842,1.0,3.191625000908971e-05,1.0,0.0,0.0,6.913734018802643
472,472,0.28865723936689847,0.9375,0.9346804511278195,0.09324839798954399,0.9375,0.9368686868686869,0.2043208844363562,6.771985352039337,1.0,3.823346196263344e-05,1.0,0.0,0.0,6.771909058094025
473,473,0.12410668483062182,1.0,1.0,0.009821092165978484,0.875,0.875,0.20892900115723023,6.4606239795684814,1.0,1.063920353594483e-05,1.0,0.0,0.0,6.460602760314941
474,474,0.12145421059267392,1.0,1.0,0.014900567569261725,0.875,0.875,0.1833061510715197,6.507296562194824,1.0,1.3261683305287875e-05,1.0,0.0,0.0,6.507270097732544
475,475,0.07439840374900086,1.0,1.0,0.0009372765358044433,1.0,1.0,0.14504770124403876,6.600004076957703,1.0,1.2755070200043406e-05,1.0,0.0,0.0,6.599978566169739
476,476,0.10343603352930586,1.0,1.0,0.0009381034293478585,0.875,0.875,0.20311965337441507,6.648335576057434,1.0,1.332128522157916e-05,1.0,0.0,0.0,6.648309111595154
477,477,0.1467706723028641,1.0,1.0,0.0315109505212372,1.0,1.0,0.16749754340617073,6.817363739013672,1.0,1.7463553374952312e-05,1.0,0.0,0.0,6.817328929901123
478,478,0.11570275999019941,1.0,1.0,0.010214675297950393,0.9375,0.9368686868686869,0.1905468177401417,6.730944037437439,1.0,3.787588138948195e-05,1.0,0.0,0.0,6.730868220329285
479,479,0.0705221608576494,1.0,1.0,0.007068046768181624,1.0,1.0,0.11277213278094678,6.605992019176483,1.0,5.578372292802669e-05,1.0,0.0,0.0,6.605880439281464
480,480,0.11647216021628992,1.0,1.0,0.0009898779148036496,0.875,0.875,0.22898480898948037,6.484356045722961,1.0,5.614127076114528e-05,1.0,0.0,0.0,6.484243750572205
481,481,0.22533336424930894,0.9375,0.9391339869281046,0.06298597770509629,0.9375,0.9368686868686869,0.19872283237418742,6.081368833780289,1.0,1.0877611202886328e-05,1.0,0.25,0.375,6.0813471376895905
482,482,0.15449446611228268,1.0,1.0,0.018786841997890047,0.9375,0.9368686868686869,0.23384156258271105,7.095446467399597,1.0,2.5331846700282767e-06,1.0,0.0,0.0,7.095441460609436
483,483,0.1105905258787061,1.0,1.0,0.0068277602386217495,0.875,0.875,0.19387001049426544,7.7386558055877686,1.0,1.8179350718128262e-06,1.0,0.0,0.0,7.738652229309082
484,484,0.07571081141043123,1.0,1.0,0.0007255997529824754,1.0,1.0,0.14851922372747595,7.8616801500320435,1.0,1.7285286730839289e-06,1.0,0.0,0.0,7.861676812171936
485,485,0.1279391145531008,1.0,1.0,0.00017826005469601114,0.875,0.875,0.2551651889120876,7.879819750785828,1.0,1.6689244830558891e-06,1.0,0.0,0.0,7.87981641292572
486,486,0.07749232935475447,1.0,1.0,2.6081583708315037e-05,0.9375,0.9368686868686869,0.15488033235760668,7.8232457637786865,1.0,1.847737166826846e-06,1.0,0.0,0.0,7.8232421875
487,487,0.12613534927538694,1.0,1.0,0.00225867024283799,0.875,0.875,0.2432360173336292,7.832067608833313,1.0,1.9371434518689057e-06,1.0,0.0,0.0,7.832063794136047
488,488,0.14124786824390867,1.0,1.0,0.005778800301838416,0.9375,0.9368686868686869,0.2593805352562413,7.802796959877014,1.0,3.576276128569589e-07,1.0,0.0,0.0,7.802796244621277
489,489,0.07038540525860526,1.0,1.0,7.642349843228757e-05,1.0,1.0,0.14046511639679693,7.947296977043152,1.0,4.768367034557741e-07,1.0,0.0,0.0,7.9472960233688354
490,490,0.08500490130882099,1.0,1.0,0.0018305007423506936,1.0,1.0,0.16268779986637583,8.017052292823792,1.0,5.066389690000506e-07,1.0,0.0,0.0,8.017051339149475
491,491,0.0905425950343215,1.0,1.0,2.5900349953644763e-05,0.9375,0.9368686868686869,0.18098158866860103,8.05397093296051,1.0,5.066389690000506e-07,1.0,0.0,0.0,8.053969979286194
492,492,0.0939229988362058,1.0,1.0,0.010611109822754372,1.0,1.0,0.14540155922804843,8.034689664840698,1.0,5.36441234544327e-07,1.0,0.0,0.0,8.034688711166382
493,493,0.095798337614724,1.0,1.0,7.048845554891159e-05,0.875,0.875,0.1913147214181663,8.100062012672424,1.0,6.258479743337375e-07,1.0,0.0,0.0,8.100060820579529
494,494,0.11050613576526302,1.0,1.0,0.009761534729527455,0.9375,0.9368686868686869,0.1819661320414525,7.915253043174744,1.0,4.4703443791149766e-07,1.0,0.0,0.0,7.915252089500427
495,495,0.10179924878195834,1.0,1.0,6.526139647133888e-05,0.9375,0.9368686868686869,0.20333745198524866,7.712654709815979,1.0,5.960463766996327e-08,1.0,0.0,0.0,7.712654709815979
496,496,0.11012766584599376,1.0,1.0,0.004024727344923207,0.875,0.875,0.20415642237912834,7.67108941078186,1.0,5.960463766996327e-08,1.0,0.0,0.0,7.67108941078186
497,497,0.08576751192049414,1.0,1.0,4.407716406262807e-05,0.9375,0.9368686868686869,0.17135871518075874,7.653634786605835,1.0,5.960463766996327e-08,1.0,0.0,0.0,7.653634786605835
498,498,0.07647398454344057,1.0,1.0,0.0010017288730135299,1.0,1.0,0.14894105354710518,7.693544507026672,1.0,5.960463766996327e-08,1.0,0.0,0.0,7.693544507026672
499,499,0.10800837068927649,1.0,1.0,0.00026285851288143647,0.875,0.875,0.21496530755996446,7.871504426002502,1.0,5.960463766996327e-08,1.0,0.0,0.0,7.871504426002502
