,epoch,train_loss,train_acc,train_f1,val_loss,val_acc,val_f1
0,0,1.3963238894939423,0.2625,0.10915841584158414,0.2577517986297607,0.5,0.3333333333333333
1,1,1.3585080653429031,0.2625,0.10915841584158414,0.25087289810180663,0.5,0.3333333333333333
2,2,1.3306134939193726,0.2625,0.10915841584158414,0.2471555709838867,0.5,0.3333333333333333
3,3,1.3233881890773773,0.2625,0.10915841584158414,0.24508132934570312,0.5,0.3333333333333333
4,4,1.3197971284389496,0.2625,0.10915841584158414,0.2442941427230835,0.5,0.3333333333333333
5,5,1.299586370587349,0.2625,0.1296759078484967,0.24305784702301025,0.5,0.3333333333333333
6,6,1.283875286579132,0.25,0.14813242784380304,0.2412271499633789,0.5,0.3333333333333333
7,7,1.304827630519867,0.3125,0.24949113879628007,0.23935794830322266,0.5,0.3333333333333333
8,8,1.2800881415605545,0.35,0.25835674157303373,0.24132969379425048,0.5,0.3333333333333333
9,9,1.2836837768554688,0.3625,0.22936105476673427,0.24186210632324218,0.5,0.4
10,10,1.2715912610292435,0.38125,0.22865070093457943,0.24310104846954345,0.625,0.55
11,11,1.274703934788704,0.35,0.2043762575452716,0.24321115016937256,0.125,0.027777777777777776
12,12,1.2719817608594894,0.375,0.21558371735791088,0.24274921417236328,0.125,0.027777777777777776
13,13,1.2659893333911896,0.375,0.20454545454545453,0.24344565868377685,0.125,0.027777777777777776
14,14,1.2634755373001099,0.3875,0.23028565471226026,0.24482979774475097,0.125,0.027777777777777776
15,15,1.2608891278505325,0.375,0.20454545454545453,0.24424409866333008,0.125,0.027777777777777776
16,16,1.2763851135969162,0.36875,0.20205479452054792,0.24593205451965333,0.125,0.027777777777777776
17,17,1.2667388767004013,0.375,0.20454545454545453,0.24514508247375488,0.125,0.027777777777777776
18,18,1.2612480074167252,0.375,0.20454545454545453,0.24636776447296144,0.125,0.027777777777777776
19,19,1.2650549113750458,0.375,0.20454545454545453,0.2456113576889038,0.125,0.027777777777777776
20,20,1.2587058246135712,0.375,0.20454545454545453,0.24880144596099854,0.125,0.027777777777777776
21,21,1.2560791820287704,0.375,0.20454545454545453,0.2496976375579834,0.125,0.027777777777777776
22,22,1.272862359881401,0.375,0.20454545454545453,0.24988245964050293,0.125,0.027777777777777776
23,23,1.2409217357635498,0.375,0.20454545454545453,0.24554705619812012,0.125,0.027777777777777776
24,24,1.2560252994298935,0.375,0.20454545454545453,0.2438060760498047,0.125,0.027777777777777776
25,25,1.2518005669116974,0.375,0.20454545454545453,0.24213628768920897,0.125,0.027777777777777776
26,26,1.2338816076517105,0.375,0.20454545454545453,0.24103145599365233,0.125,0.027777777777777776
27,27,1.2439232021570206,0.375,0.20454545454545453,0.242818284034729,0.125,0.027777777777777776
28,28,1.2231357991695404,0.375,0.20454545454545453,0.24314324855804442,0.125,0.027777777777777776
29,29,1.2208657413721085,0.375,0.20454545454545453,0.24332327842712403,0.125,0.027777777777777776
30,30,1.1988691538572311,0.375,0.20454545454545453,0.24177956581115723,0.125,0.027777777777777776
31,31,1.2072040140628815,0.375,0.20454545454545453,0.24034981727600097,0.125,0.027777777777777776
32,32,1.217004880309105,0.375,0.20454545454545453,0.23768267631530762,0.125,0.027777777777777776
33,33,1.2223151475191116,0.39375,0.24124924088164904,0.23689446449279786,0.125,0.027777777777777776
34,34,1.2133613973855972,0.39375,0.24341797794169043,0.23851628303527833,0.125,0.027777777777777776
35,35,1.1553180664777756,0.41875,0.2855947969846515,0.2364649772644043,0.125,0.027777777777777776
36,36,1.147110864520073,0.4125,0.27617513114400694,0.23194518089294433,0.125,0.027777777777777776
37,37,1.159930795431137,0.39375,0.252337295137478,0.22745590209960936,0.25,0.23125
38,38,1.1556613147258759,0.44375,0.34582754667674703,0.22568919658660888,0.25,0.23125
39,39,1.1182815432548523,0.45,0.34922972691265375,0.22304215431213378,0.25,0.23125
40,40,1.1370937526226044,0.4625,0.383701460231311,0.2194298267364502,0.25,0.23125
41,41,1.1254894435405731,0.5375,0.49286976544559263,0.21676247119903563,0.5,0.47023809523809523
42,42,1.0798033252358437,0.59375,0.5728700491085726,0.21208810806274414,0.5,0.47023809523809523
43,43,1.0724466741085052,0.575,0.5546437115516063,0.20847620964050292,0.5,0.47023809523809523
44,44,1.0511754378676414,0.6,0.5857460296411713,0.20126948356628419,0.5,0.47023809523809523
45,45,1.0603877380490303,0.56875,0.5581019395738492,0.19314793348312378,0.625,0.55
46,46,1.0649308934807777,0.6125,0.59921875,0.19279470443725585,0.625,0.55
47,47,1.027649961411953,0.61875,0.612579376466306,0.18711450099945068,0.625,0.55
48,48,0.9819310083985329,0.64375,0.6378493480725624,0.18239766359329224,0.625,0.55
49,49,0.9617484658956528,0.69375,0.6882321385326143,0.17496964931488038,0.75,0.75
50,50,0.9357336461544037,0.65625,0.650213810733389,0.17120468616485596,0.75,0.75
51,51,0.8855689093470573,0.71875,0.717942766087293,0.16431339979171752,1.0,1.0
52,52,0.9327966943383217,0.70625,0.7016900874464538,0.15824527740478517,1.0,1.0
53,53,0.8832315653562546,0.74375,0.7389411249592701,0.15415527820587158,1.0,1.0
54,54,0.8739140257239342,0.6875,0.6882701600724856,0.14961663484573365,1.0,1.0
55,55,0.8384721577167511,0.74375,0.7409972182847977,0.14427495002746582,1.0,1.0
56,56,0.8197413682937622,0.7125,0.7110579469401511,0.14069955348968505,1.0,1.0
57,57,0.8253728002309799,0.75625,0.7559478333040189,0.13624703884124756,1.0,1.0
58,58,0.7732026875019073,0.75,0.7481842984353323,0.12729028463363648,1.0,1.0
59,59,0.7780502140522003,0.78125,0.7774954612370975,0.1241161584854126,1.0,1.0
60,60,0.8001421242952347,0.725,0.7137131902944777,0.12271677255630493,1.0,1.0
61,61,0.7549751028418541,0.73125,0.7313950183652218,0.12027759552001953,1.0,1.0
62,62,0.7999435886740685,0.725,0.7189820360358415,0.11554106473922729,1.0,1.0
63,63,0.7244852110743523,0.78125,0.7820563493440401,0.11018595695495606,1.0,1.0
64,64,0.6994596943259239,0.8,0.8018162103551096,0.10658142566680909,1.0,1.0
65,65,0.723136730492115,0.78125,0.7758388756753583,0.10614182949066162,1.0,1.0
66,66,0.6406329199671745,0.78125,0.7809847892645431,0.1031163215637207,1.0,1.0
67,67,0.6663321405649185,0.79375,0.794460761752619,0.0941552460193634,1.0,1.0
68,68,0.6568467319011688,0.76875,0.7708881102022376,0.09041664600372315,1.0,1.0
69,69,0.7048070877790451,0.78125,0.7728097389506597,0.09198365211486817,1.0,1.0
70,70,0.6566645577549934,0.80625,0.8051011856190865,0.0961165189743042,1.0,1.0
71,71,0.643545351922512,0.8125,0.7979467616790427,0.09329870939254761,1.0,1.0
72,72,0.5784336142241955,0.81875,0.8144800416389655,0.08981475830078126,1.0,1.0
73,73,0.6131258048117161,0.775,0.7639116708799129,0.08835103511810302,1.0,1.0
74,74,0.5889335088431835,0.8,0.7952475636352545,0.086225825548172,1.0,1.0
75,75,0.5323052629828453,0.84375,0.8411081423848609,0.0783691167831421,1.0,1.0
76,76,0.6131400614976883,0.80625,0.7969661780517262,0.07436071634292603,1.0,1.0
77,77,0.5569172278046608,0.84375,0.8427173846921692,0.0766380250453949,1.0,1.0
78,78,0.5709722228348255,0.84375,0.8409620317346695,0.07851113080978393,1.0,1.0
79,79,0.5565172359347343,0.8,0.7967657828282828,0.07240952253341675,1.0,1.0
80,80,0.5463964827358723,0.7875,0.7855547036687307,0.06974074244499207,1.0,1.0
81,81,0.5125018619000912,0.83125,0.8308333851511007,0.07419872879981995,1.0,1.0
82,82,0.47375234216451645,0.83125,0.8304500096151435,0.06709562540054322,1.0,1.0
83,83,0.5539229586720467,0.8125,0.8088083321922326,0.06361773014068603,1.0,1.0
84,84,0.492411807179451,0.8375,0.8381044197570333,0.06669900417327881,1.0,1.0
85,85,0.5364050902426243,0.85625,0.8568578934506353,0.06458426713943481,1.0,1.0
86,86,0.46666813269257545,0.85,0.8489279750394232,0.06562512516975402,1.0,1.0
87,87,0.5222140364348888,0.81875,0.8154130562537208,0.06770342588424683,1.0,1.0
88,88,0.49377525597810745,0.85625,0.8484150140042317,0.059398704767227174,1.0,1.0
89,89,0.40300628170371056,0.85625,0.855445035935469,0.05602367520332337,1.0,1.0
90,90,0.5602083466947079,0.7625,0.7574021305173597,0.060127425193786624,1.0,1.0
91,91,0.435433816164732,0.84375,0.8389847512038523,0.059719836711883544,1.0,1.0
92,92,0.4520328864455223,0.83125,0.8283159738583242,0.059527212381362916,1.0,1.0
93,93,0.4963066428899765,0.81875,0.8197455722183404,0.06390463709831237,1.0,1.0
94,94,0.4091097079217434,0.88125,0.881011931459517,0.05772496461868286,1.0,1.0
95,95,0.4490508697926998,0.83125,0.8242897666376094,0.058552992343902585,1.0,1.0
96,96,0.4805299825966358,0.85625,0.855377266775128,0.05861917734146118,1.0,1.0
97,97,0.45414924249053,0.83125,0.8287671116833831,0.05633654594421387,1.0,1.0
98,98,0.41885001212358475,0.88125,0.8792495858867181,0.056662917137145996,1.0,1.0
99,99,0.477072324603796,0.80625,0.7999551778542742,0.05748130083084106,1.0,1.0
100,100,0.41960591077804565,0.875,0.8714983051268875,0.06067347526550293,1.0,1.0
101,101,0.38497473672032356,0.90625,0.9051862237824075,0.05805280804634094,1.0,1.0
102,102,0.43353521078824997,0.83125,0.8286640859965049,0.05251445770263672,1.0,1.0
103,103,0.37161111645400524,0.88125,0.8816335101679929,0.05208125710487366,1.0,1.0
104,104,0.48561709746718407,0.85,0.8446945510416066,0.05665222406387329,1.0,1.0
105,105,0.4411156475543976,0.81875,0.8083400478618692,0.05207738876342773,1.0,1.0
106,106,0.35663983039557934,0.89375,0.8927593240093238,0.057792872190475464,1.0,1.0
107,107,0.39724070206284523,0.85625,0.8537190185951561,0.06012662649154663,1.0,1.0
108,108,0.4503801129758358,0.81875,0.8172226174568051,0.051080751419067386,1.0,1.0
109,109,0.30615709722042084,0.91875,0.9187885186620173,0.04587315022945404,1.0,1.0
110,110,0.38665952160954475,0.875,0.8739263389411945,0.05160257816314697,1.0,1.0
111,111,0.4102139640599489,0.88125,0.8692236461665044,0.05523766279220581,1.0,1.0
112,112,0.42439620196819305,0.90625,0.9047126627328368,0.053275400400161745,1.0,1.0
113,113,0.33163901790976524,0.93125,0.9294662465770323,0.045967334508895875,1.0,1.0
114,114,0.43085573241114616,0.80625,0.8045541072768192,0.04520295560359955,1.0,1.0
115,115,0.3488291623070836,0.9,0.9008429315055585,0.04863033294677734,1.0,1.0
116,116,0.3994081150740385,0.86875,0.8669538123167155,0.049478617310523984,1.0,1.0
117,117,0.38595303148031235,0.8875,0.8855268773416777,0.05107340216636658,1.0,1.0
118,118,0.35167120210826397,0.9,0.8988847964931475,0.051990145444869997,1.0,1.0
119,119,0.3710069227963686,0.84375,0.8402727821695214,0.04615445733070374,1.0,1.0
120,120,0.38386597484350204,0.85625,0.8509069757264559,0.043153074383735654,1.0,1.0
121,121,0.3439354468137026,0.89375,0.892911541069353,0.04892646968364715,1.0,1.0
122,122,0.39496306143701077,0.86875,0.8649561286723217,0.053609639406204224,1.0,1.0
123,123,0.34546072967350483,0.8875,0.8818591736757337,0.04873991906642914,1.0,1.0
124,124,0.3941591903567314,0.85625,0.8486468575284365,0.04328120052814484,1.0,1.0
125,125,0.31036124750971794,0.90625,0.9038463589415435,0.04938477277755737,1.0,1.0
126,126,0.3679499551653862,0.85,0.8487334635061907,0.05456499457359314,1.0,1.0
127,127,0.35119884461164474,0.89375,0.8900604100200875,0.048198193311691284,1.0,1.0
128,128,0.3543058764189482,0.86875,0.8609537301617948,0.044197088479995726,1.0,1.0
129,129,0.38070087507367134,0.8625,0.8607265179372219,0.04746971726417541,1.0,1.0
130,130,0.32638623751699924,0.86875,0.860111496472199,0.04554484486579895,1.0,1.0
131,131,0.3492991216480732,0.86875,0.8667315071041231,0.04958794116973877,1.0,1.0
132,132,0.3574302103370428,0.85625,0.8530809679538244,0.0484824538230896,1.0,1.0
133,133,0.31493121944367886,0.8875,0.8854899311817912,0.04548505246639252,1.0,1.0
134,134,0.36056115478277206,0.8375,0.8326723174366618,0.045584562420845035,1.0,1.0
135,135,0.29945147410035133,0.9375,0.9372143335245744,0.04452959895133972,1.0,1.0
136,136,0.32595217786729336,0.9,0.8975577286905997,0.04738713800907135,1.0,1.0
137,137,0.3395661748945713,0.9125,0.9104668610816542,0.04556185305118561,1.0,1.0
138,138,0.30563959293067455,0.90625,0.9038068087446673,0.040653592348098753,1.0,1.0
139,139,0.3212066702544689,0.88125,0.8791599660502099,0.04321111440658569,1.0,1.0
140,140,0.24637635704129934,0.95,0.9495933330094571,0.04258232116699219,1.0,1.0
141,141,0.34616008400917053,0.88125,0.8774356961885876,0.040510928630828856,1.0,1.0
142,142,0.2766681145876646,0.91875,0.914970193585909,0.0405889630317688,1.0,1.0
143,143,0.29466406255960464,0.90625,0.9051188036101829,0.04251355528831482,1.0,1.0
144,144,0.25720982626080513,0.89375,0.893538228307077,0.04088707566261292,1.0,1.0
145,145,0.27642160654067993,0.90625,0.9052113615062897,0.03707769811153412,1.0,1.0
146,146,0.2634884733706713,0.93125,0.9306563656622213,0.035404452681541444,1.0,1.0
147,147,0.3303796462714672,0.85,0.8449048730515777,0.03888449668884277,1.0,1.0
148,148,0.2773024421185255,0.89375,0.8920560944885979,0.03662682771682739,1.0,1.0
149,149,0.33526090532541275,0.86875,0.8656302748975163,0.04258348345756531,1.0,1.0
150,150,0.2610914036631584,0.925,0.9243307454173346,0.04458313286304474,1.0,1.0
151,151,0.2357179168611765,0.925,0.9249380370125578,0.04102642238140106,1.0,1.0
152,152,0.2376114707440138,0.95625,0.9545587843241801,0.03493247032165527,1.0,1.0
153,153,0.3135609608143568,0.89375,0.8878226117103235,0.03308888673782349,1.0,1.0
154,154,0.2646364066749811,0.925,0.9236545009420887,0.0350915253162384,1.0,1.0
155,155,0.25473660230636597,0.88125,0.8784563233323528,0.034645935893058775,1.0,1.0
156,156,0.27330154553055763,0.93125,0.9297398509969612,0.04169051051139831,1.0,1.0
157,157,0.27969340700656176,0.90625,0.906430265654649,0.038583886623382566,1.0,1.0
158,158,0.30987657606601715,0.8875,0.8848977547563056,0.03144005537033081,1.0,1.0
159,159,0.2832354884594679,0.9,0.898060103692264,0.029954716563224792,1.0,1.0
160,160,0.2333326181396842,0.93125,0.9283951606301821,0.03668200373649597,1.0,1.0
161,161,0.27678525261580944,0.90625,0.9035500905312863,0.03630592226982117,1.0,1.0
162,162,0.28059863299131393,0.9125,0.9079334887852543,0.031280803680419925,1.0,1.0
163,163,0.2243215385824442,0.91875,0.9172825743958342,0.02879253327846527,1.0,1.0
164,164,0.28345195204019547,0.89375,0.8927276180914067,0.03326118290424347,1.0,1.0
165,165,0.26176848262548447,0.8875,0.8852914241698049,0.034967640042304994,1.0,1.0
166,166,0.2593732988461852,0.91875,0.9147396224056014,0.03394904136657715,1.0,1.0
167,167,0.2360226046293974,0.93125,0.9294264185279891,0.03170552253723145,1.0,1.0
168,168,0.24416879285126925,0.93125,0.929803388746803,0.030313581228256226,1.0,1.0
169,169,0.2278008023276925,0.93125,0.9306349237213747,0.030838218331336976,1.0,1.0
170,170,0.2444449309259653,0.91875,0.9161233462101702,0.03306493759155273,1.0,1.0
171,171,0.2821384407579899,0.9125,0.9039399092970521,0.031423813104629515,1.0,1.0
172,172,0.22643546760082245,0.9375,0.9367941607830647,0.030410856008529663,1.0,1.0
173,173,0.26356288604438305,0.91875,0.9181485224262355,0.030924832820892333,1.0,1.0
174,174,0.2442020745947957,0.94375,0.9428295932678823,0.02882275581359863,1.0,1.0
175,175,0.24994268082082272,0.9125,0.9099936346199607,0.028122138977050782,1.0,1.0
176,176,0.2314341114833951,0.93125,0.9303927129342776,0.028042060136795045,1.0,1.0
177,177,0.24228010047227144,0.91875,0.9161933953923042,0.026194855570793152,1.0,1.0
178,178,0.22255022637546062,0.95,0.949020472487239,0.026977595686912537,1.0,1.0
179,179,0.27837699092924595,0.9125,0.9112373053658009,0.0315705418586731,1.0,1.0
180,180,0.2438690047711134,0.90625,0.902419846577498,0.032249176502227785,1.0,1.0
181,181,0.21647099778056145,0.9375,0.9330468749999999,0.03317418098449707,1.0,1.0
182,182,0.1953487414866686,0.96875,0.9679415851906648,0.03011907935142517,1.0,1.0
183,183,0.21676315926015377,0.94375,0.9409390457004767,0.02864532172679901,1.0,1.0
184,184,0.19648041762411594,0.95,0.9484586294981276,0.028760451078414916,1.0,1.0
185,185,0.22031098790466785,0.96875,0.967739262990456,0.028193897008895873,1.0,1.0
186,186,0.2765981089323759,0.93125,0.9266311919504643,0.02907431125640869,1.0,1.0
187,187,0.26527025271207094,0.90625,0.9043777021678236,0.03228800594806671,1.0,1.0
188,188,0.2399655431509018,0.93125,0.9285651270680798,0.029727888107299805,1.0,1.0
189,189,0.18724418245255947,0.94375,0.9428504497751126,0.02812499403953552,1.0,1.0
190,190,0.24165369290858507,0.9125,0.9060982788559038,0.02799522876739502,1.0,1.0
191,191,0.25545356795191765,0.89375,0.8856259123347658,0.03460370302200318,1.0,1.0
192,192,0.19581725262105465,0.9375,0.9373772229822162,0.034534120559692384,1.0,1.0
193,193,0.19357144460082054,0.9375,0.9367296981674453,0.02772592008113861,1.0,1.0
194,194,0.20618248265236616,0.9375,0.9348021115040567,0.02601237893104553,1.0,1.0
195,195,0.20910215191543102,0.9375,0.9368159670164917,0.02698114514350891,1.0,1.0
196,196,0.22845777496695518,0.93125,0.9267135700148442,0.031895244121551515,1.0,1.0
197,197,0.2656919714063406,0.9125,0.9061228178617732,0.03263595700263977,1.0,1.0
198,198,0.18404138553887606,0.91875,0.9172159887798037,0.03011559247970581,1.0,1.0
199,199,0.24524801410734653,0.9125,0.9066204849084614,0.028845056891441345,1.0,1.0
200,200,0.1854395503178239,0.95625,0.9562775905607991,0.028234392404556274,1.0,1.0
201,201,0.18701953627169132,0.95625,0.9554445999953822,0.02640005052089691,1.0,1.0
202,202,0.15986063703894615,0.94375,0.9429827365728901,0.02516368329524994,1.0,1.0
203,203,0.1746918736025691,0.9625,0.9616154803680826,0.02397316098213196,1.0,1.0
204,204,0.19565101293846965,0.94375,0.9421104372167421,0.025220561027526855,1.0,1.0
205,205,0.16878083813935518,0.95,0.9492220028555947,0.024412283301353456,1.0,1.0
206,206,0.19227050337940454,0.94375,0.9416422130281583,0.02404203563928604,1.0,1.0
207,207,0.1879781549796462,0.975,0.9732591876208897,0.023725138604640962,1.0,1.0
208,208,0.22134270332753658,0.91875,0.9161945370791955,0.02677949666976929,1.0,1.0
209,209,0.20887845940887928,0.91875,0.914369012000862,0.032453450560569766,1.0,1.0
210,210,0.18819867819547653,0.95625,0.956276232294352,0.02759271562099457,1.0,1.0
211,211,0.17393297422677279,0.94375,0.9393537951283166,0.022671499848365785,1.0,1.0
212,212,0.1838088957592845,0.95625,0.9553696222401177,0.021621663868427277,1.0,1.0
213,213,0.18994899466633797,0.93125,0.9248482309887459,0.028749638795852663,1.0,1.0
214,214,0.19690436869859695,0.95,0.9495154366094264,0.031032967567443847,1.0,1.0
215,215,0.19918344914913177,0.93125,0.9267228330013223,0.025559228658676148,1.0,1.0
216,216,0.17775098513811827,0.94375,0.9421160287638098,0.026359012722969054,1.0,1.0
217,217,0.163931205868721,0.96875,0.9684096679835316,0.024290083348751067,1.0,1.0
218,218,0.1882987441495061,0.9375,0.9358321114369501,0.022390757501125336,1.0,1.0
219,219,0.1324625089764595,0.96875,0.9678690099017017,0.021987640857696535,1.0,1.0
220,220,0.14723115880042315,0.96875,0.9683655123266842,0.022534723579883575,1.0,1.0
221,221,0.20609758142381907,0.925,0.9214720976367087,0.021875344216823578,1.0,1.0
222,222,0.16267365403473377,0.94375,0.9409196004707454,0.020766228437423706,1.0,1.0
223,223,0.2241027159616351,0.90625,0.9050700731012793,0.021206378936767578,1.0,1.0
224,224,0.17759713903069496,0.95625,0.9546563299232735,0.023439083993434907,1.0,1.0
225,225,0.19984233379364014,0.9375,0.9334329757927436,0.022966308891773222,1.0,1.0
226,226,0.2025490216910839,0.9375,0.9330468749999999,0.024365615844726563,1.0,1.0
227,227,0.20998187270015478,0.95,0.945953486657821,0.024421976506710054,1.0,1.0
228,228,0.14733433537185192,0.95,0.9484305163114175,0.022661304473876952,1.0,1.0
229,229,0.19147418066859245,0.91875,0.909421402009321,0.02228369414806366,1.0,1.0
230,230,0.20096789393574,0.9375,0.9360289603708015,0.025784027576446534,1.0,1.0
231,231,0.19646904431283474,0.93125,0.929767677179617,0.026061099767684937,1.0,1.0
232,232,0.15292432717978954,0.96875,0.9678295932678823,0.02143680155277252,1.0,1.0
233,233,0.17746818158775568,0.95,0.9473333189580819,0.01861914396286011,1.0,1.0
234,234,0.2176670217886567,0.93125,0.9287059494056097,0.02131691575050354,1.0,1.0
235,235,0.17821369040757418,0.94375,0.9427349228560866,0.020576658844947814,1.0,1.0
236,236,0.17882863199338317,0.95625,0.9544991254676501,0.02141113579273224,1.0,1.0
237,237,0.1399342892691493,0.96875,0.9678637214574621,0.018954253196716307,1.0,1.0
238,238,0.22212182357907295,0.9375,0.9330630554241759,0.016167552769184114,1.0,1.0
239,239,0.2093728231266141,0.9375,0.937449052263441,0.018556731939315795,1.0,1.0
240,240,0.150666325353086,0.9625,0.962193600099978,0.024150179326534273,1.0,1.0
241,241,0.1937802629545331,0.93125,0.9269282561362859,0.024774494767189025,1.0,1.0
242,242,0.17475010314956307,0.95625,0.9554997348886533,0.02187017798423767,1.0,1.0
243,243,0.23150326870381832,0.93125,0.9273188718302572,0.019590045511722564,1.0,1.0
244,244,0.14658458810299635,0.95,0.9499047440102641,0.02116241455078125,1.0,1.0
245,245,0.18295536004006863,0.94375,0.9421473396986968,0.023611581325531004,1.0,1.0
246,246,0.1402774639427662,0.9625,0.9617140530284851,0.022071889042854308,1.0,1.0
247,247,0.1571132093667984,0.94375,0.9419921384112715,0.019193890690803527,1.0,1.0
248,248,0.22500048764050007,0.93125,0.9269357109428839,0.020754778385162355,1.0,1.0
249,249,0.12945970334112644,0.98125,0.9811987572931601,0.022975029051303865,1.0,1.0
250,250,0.2025445317849517,0.9375,0.9331554480208786,0.019767288863658906,1.0,1.0
251,251,0.18577582575380802,0.9375,0.9331366099071206,0.016573102772235872,1.0,1.0
252,252,0.216312394477427,0.91875,0.9128192135830947,0.016719207167625427,1.0,1.0
253,253,0.21843647118657827,0.91875,0.9128978039504357,0.021234139800071716,1.0,1.0
254,254,0.16269162483513355,0.9375,0.9381678809957498,0.020928388833999632,1.0,1.0
255,255,0.17121073231101036,0.94375,0.9438328912466843,0.017898620665073396,1.0,1.0
256,256,0.17257073894143105,0.9375,0.933143747820021,0.01545318216085434,1.0,1.0
257,257,0.1790005937218666,0.9375,0.9330468749999999,0.017433901131153107,1.0,1.0
258,258,0.1792432377114892,0.93125,0.9286238137008306,0.018163201212882996,1.0,1.0
259,259,0.14238986279815435,0.95625,0.9545575244975323,0.017631223797798155,1.0,1.0
260,260,0.14383199252188206,0.9375,0.9377252444526165,0.015802238881587983,1.0,1.0
261,261,0.1801116382703185,0.95625,0.953128244122983,0.017655520141124724,1.0,1.0
262,262,0.1330127939581871,0.96875,0.9677405228171038,0.017130325734615325,1.0,1.0
263,263,0.14877639850601554,0.975,0.9730555185283924,0.017022991180419923,1.0,1.0
264,264,0.13747807499021292,0.9625,0.962037671068312,0.019485341012477876,1.0,1.0
265,265,0.17170523386448622,0.94375,0.9409196004707454,0.019575518369674683,1.0,1.0
266,266,0.11428552214056253,0.96875,0.9685174386118416,0.01695505380630493,1.0,1.0
267,267,0.1302453614771366,0.975,0.9749415673246041,0.016080370545387267,1.0,1.0
268,268,0.13243672717362642,0.95,0.9497332861333424,0.018680812418460847,1.0,1.0
269,269,0.11968773091211915,0.975,0.9740900974695629,0.02222931832075119,1.0,1.0
270,270,0.10750404512509704,0.96875,0.9678637214574621,0.018207044899463655,1.0,1.0
271,271,0.15948950918391347,0.9375,0.925177616501146,0.017220738530158996,1.0,1.0
272,272,0.16593800764530897,0.95,0.9473333189580819,0.019232898950576782,1.0,1.0
273,273,0.14066498260945082,0.95,0.9483385778512293,0.01928904950618744,1.0,1.0
274,274,0.1336682024411857,0.95,0.9483427164406265,0.018798065185546876,1.0,1.0
275,275,0.13694853615015745,0.95,0.9478628884934057,0.01907579004764557,1.0,1.0
276,276,0.13366759615018964,0.96875,0.9658521303258144,0.018137410283088684,1.0,1.0
277,277,0.16253557335585356,0.93125,0.9271538427639696,0.018361125886440278,1.0,1.0
278,278,0.10832421551458538,0.95625,0.956281512605042,0.018722915649414064,1.0,1.0
279,279,0.14460257068276405,0.94375,0.9397323990899598,0.019261264801025392,1.0,1.0
280,280,0.17887469939887524,0.9375,0.9350882233085729,0.017455269396305085,1.0,1.0
281,281,0.11789877340197563,0.9625,0.9607680696912195,0.017407479882240295,1.0,1.0
282,282,0.13731092121452093,0.95,0.9484470445562343,0.01605582535266876,1.0,1.0
283,283,0.13189954264089465,0.9625,0.961523337595908,0.014383669197559356,1.0,1.0
284,284,0.13809467386454344,0.95625,0.9545407002259317,0.017168298363685608,1.0,1.0
285,285,0.12736702524125576,0.94375,0.9422948220474424,0.01789172887802124,1.0,1.0
286,286,0.17376177292317152,0.9375,0.9291783012716752,0.01982119381427765,1.0,1.0
287,287,0.14524199906736612,0.9625,0.9615255447282747,0.018966834247112273,1.0,1.0
288,288,0.125310143455863,0.9625,0.9623109132247064,0.016956131160259246,1.0,1.0
289,289,0.15111176786012948,0.94375,0.9409379283628345,0.015980888903141022,1.0,1.0
290,290,0.13412770349532366,0.95,0.9501272229822162,0.014819540083408356,1.0,1.0
291,291,0.1522234403528273,0.95625,0.9533378660824455,0.014975805580615998,1.0,1.0
292,292,0.12121654814109206,0.95,0.9483397994557118,0.01521640717983246,1.0,1.0
293,293,0.15875500394031405,0.94375,0.939261402531614,0.014557275176048278,1.0,1.0
294,294,0.14628249849192798,0.9375,0.9331840223354233,0.016366001963615418,1.0,1.0
295,295,0.09055424458347261,0.975,0.974650826446281,0.01662771850824356,1.0,1.0
296,296,0.1438609380275011,0.9625,0.9607680696912195,0.015703801810741425,1.0,1.0
297,297,0.17007135599851608,0.93125,0.931281512605042,0.014547352492809296,1.0,1.0
298,298,0.12223654426634312,0.9625,0.9607986042547092,0.013299383223056793,1.0,1.0
299,299,0.12285268492996693,0.95,0.9491582714740192,0.01255689114332199,1.0,1.0
300,300,0.158380932174623,0.9375,0.9310698567982885,0.013107962906360626,1.0,1.0
301,301,0.1083399667404592,0.9625,0.9616800924557714,0.011339016258716583,1.0,1.0
302,302,0.12718478147871792,0.95,0.9474281980651542,0.012384449690580368,1.0,1.0
303,303,0.15264046238735318,0.9375,0.9347067664765923,0.017383936047554015,1.0,1.0
304,304,0.09769395925104618,0.98125,0.9811898084139837,0.019382762908935546,1.0,1.0
305,305,0.16239320347085595,0.94375,0.942900306674394,0.0170748770236969,1.0,1.0
306,306,0.12782315351068974,0.9625,0.9598887814313347,0.013208052515983582,1.0,1.0
307,307,0.16389133827760816,0.95625,0.9541683509666588,0.013448825478553772,1.0,1.0
308,308,0.12416818388737738,0.96875,0.966997363464761,0.013312803208827972,1.0,1.0
309,309,0.09810077818110585,0.9625,0.9623109132247064,0.014354392886161804,1.0,1.0
310,310,0.14860340766608715,0.94375,0.9410722658617642,0.017190741002559663,1.0,1.0
311,311,0.15089490357786417,0.95625,0.9553908792690363,0.016679832339286806,1.0,1.0
312,312,0.10341172991320491,0.975,0.9742300724637681,0.012625806033611298,1.0,1.0
313,313,0.1319686104543507,0.95625,0.9556335840787928,0.010723964124917985,1.0,1.0
314,314,0.18335855845361948,0.925,0.9185087687255837,0.013637134432792663,1.0,1.0
315,315,0.16347071435302496,0.95625,0.9545587843241801,0.014062406122684478,1.0,1.0
316,316,0.10074331983923912,0.98125,0.9803295932678824,0.014489878714084626,1.0,1.0
317,317,0.11275942297652364,0.96875,0.9670196918225704,0.013905748724937439,1.0,1.0
318,318,0.12586351367644966,0.95,0.949480187727133,0.012820091843605042,1.0,1.0
319,319,0.14583129296079278,0.9375,0.9339763584350568,0.01367303729057312,1.0,1.0
320,320,0.15322986664250493,0.95,0.9484470445562343,0.014235225319862366,1.0,1.0
321,321,0.0969892512075603,0.98125,0.9808532120757553,0.014353276789188385,1.0,1.0
322,322,0.1041182428598404,0.96875,0.9678356777493606,0.015764611959457397,1.0,1.0
323,323,0.0997376199811697,0.9625,0.9620572074983841,0.01634584367275238,1.0,1.0
324,324,0.07987626921385527,0.98125,0.9811617647058822,0.014829984307289124,1.0,1.0
325,325,0.12180431094020605,0.95,0.9471551135840303,0.011755544692277908,1.0,1.0
326,326,0.13611665181815624,0.95,0.9458813229001816,0.01059272587299347,1.0,1.0
327,327,0.09680580766871572,0.96875,0.9670196918225704,0.010951662063598632,1.0,1.0
328,328,0.15946645848453045,0.95625,0.9515121768350363,0.01271011084318161,1.0,1.0
329,329,0.12917765649035573,0.95,0.9492601977677468,0.012392760813236236,1.0,1.0
330,330,0.08205010369420052,0.98125,0.9811593406593406,0.012158650159835815,1.0,1.0
331,331,0.12442161794751883,0.9625,0.9616263923823214,0.01139889881014824,1.0,1.0
332,332,0.16292463894933462,0.9375,0.9350259287667579,0.014667996764183044,1.0,1.0
333,333,0.15171117335557938,0.9625,0.9598887814313347,0.017126989364624024,1.0,1.0
334,334,0.09258212149143219,0.99375,0.9936593406593406,0.012793023884296418,1.0,1.0
335,335,0.10861808201298118,0.96875,0.9670196918225704,0.010805802047252655,1.0,1.0
336,336,0.13864388689398766,0.9625,0.9616154803680826,0.012630234658718108,1.0,1.0
337,337,0.13222921499982476,0.9625,0.9596126345274951,0.01486554890871048,1.0,1.0
338,338,0.15398350916802883,0.95625,0.9531480382075517,0.01323501169681549,1.0,1.0
339,339,0.12107224226929247,0.95625,0.9533643989510697,0.012643435597419738,1.0,1.0
340,340,0.10647005587816238,0.96875,0.9679905766654489,0.015150833129882812,1.0,1.0
341,341,0.1350932247005403,0.94375,0.9423017440447253,0.014515063166618348,1.0,1.0
342,342,0.09193988866172731,0.98125,0.9803295932678824,0.013133928179740906,1.0,1.0
343,343,0.09250908764079213,0.95,0.949452479338843,0.012020125240087508,1.0,1.0
344,344,0.0971916567068547,0.975,0.974615036231884,0.01075739711523056,1.0,1.0
345,345,0.1614815213251859,0.94375,0.9408521303258144,0.011490541696548461,1.0,1.0
346,346,0.10928548453375697,0.95625,0.9536492856330154,0.012714122235774995,1.0,1.0
347,347,0.13403875124640763,0.95,0.9485251450676981,0.011046279966831208,1.0,1.0
348,348,0.1415785658173263,0.95625,0.9533915469596339,0.011861592531204224,1.0,1.0
349,349,0.14074460905976593,0.9625,0.9606900197918831,0.012441834807395935,1.0,1.0
350,350,0.1237610555253923,0.95625,0.9553442260469561,0.012232592701911927,1.0,1.0
351,351,0.10993029735982418,0.9625,0.9619117647058824,0.010648605972528457,1.0,1.0
352,352,0.11038304958492517,0.96875,0.9670071314316182,0.008899017423391341,1.0,1.0
353,353,0.07584178843535483,0.9875,0.9874198448610214,0.008369620144367217,1.0,1.0
354,354,0.12282390333712101,0.95625,0.9547554054136231,0.008462145924568176,1.0,1.0
355,355,0.11371870245784521,0.95625,0.9533378660824455,0.01003543809056282,1.0,1.0
356,356,0.09920440334826708,0.975,0.974952479338843,0.010528451204299927,1.0,1.0
357,357,0.11138871870934963,0.96875,0.9685174386118416,0.010913456976413726,1.0,1.0
358,358,0.09854099247604609,0.9625,0.9621617647058823,0.009411478042602539,1.0,1.0
359,359,0.13895145803689957,0.95625,0.9533915469596339,0.009866224229335785,1.0,1.0
360,360,0.13229737617075443,0.95625,0.954592078867574,0.014884063601493835,1.0,1.0
361,361,0.10778340557590127,0.95625,0.9562400701707932,0.014825746417045593,1.0,1.0
362,362,0.14533694507554173,0.9375,0.9322943387881468,0.010735626518726348,1.0,1.0
363,363,0.1543250703252852,0.95,0.9481890872355215,0.01097489595413208,1.0,1.0
364,364,0.09823930682614446,0.975,0.9746544528657035,0.010902353376150132,1.0,1.0
365,365,0.15405895048752427,0.94375,0.9409403250988391,0.012057023495435715,1.0,1.0
366,366,0.09838197520002723,0.96875,0.9685801531356344,0.01061677634716034,1.0,1.0
367,367,0.18491372093558311,0.94375,0.9346902094171001,0.010195987671613694,1.0,1.0
368,368,0.08200561162084341,0.98125,0.9809780219780219,0.009978171437978745,1.0,1.0
369,369,0.11452190834097564,0.9625,0.9596126345274951,0.008791744709014893,1.0,1.0
370,370,0.08860390889458358,0.96875,0.9683965488369258,0.00944923684000969,1.0,1.0
371,371,0.11234646011143923,0.95625,0.9546563299232735,0.011482942104339599,1.0,1.0
372,372,0.11291160061955452,0.9625,0.961666801335919,0.011846509575843812,1.0,1.0
373,373,0.1141434432938695,0.9625,0.9622280219780219,0.010135401785373688,1.0,1.0
374,374,0.08625021565239877,0.98125,0.9803295932678824,0.008355548232793808,1.0,1.0
375,375,0.1393135255202651,0.95625,0.9555629637104526,0.011101248115301133,1.0,1.0
376,376,0.11688735475763679,0.95,0.9488451086956522,0.013218484818935394,1.0,1.0
377,377,0.11769576277583838,0.9625,0.961666801335919,0.012698809802532195,1.0,1.0
378,378,0.09551019803620875,0.95625,0.9555115850688102,0.01017330139875412,1.0,1.0
379,379,0.10832740878686309,0.96875,0.9678690099017017,0.011314603686332702,1.0,1.0
380,380,0.10475336317904294,0.96875,0.9655875032446598,0.012197324633598327,1.0,1.0
381,381,0.099547567544505,0.96875,0.9658521303258144,0.011393369734287262,1.0,1.0
382,382,0.062303907703608274,0.9875,0.987115036231884,0.011155344545841217,1.0,1.0
383,383,0.09979016776196659,0.9625,0.9607680696912195,0.011408816277980804,1.0,1.0
384,384,0.13186955777928233,0.95625,0.9549406613646572,0.010556300729513168,1.0,1.0
385,385,0.13532900577411056,0.94375,0.9422298593350383,0.011693698167800904,1.0,1.0
386,386,0.12114937324076891,0.94375,0.9396929824561402,0.012886072695255279,1.0,1.0
387,387,0.05726711847819388,0.99375,0.9936593406593406,0.013027292490005494,1.0,1.0
388,388,0.11745973397046328,0.96875,0.9670196918225704,0.01128176748752594,1.0,1.0
389,389,0.11142596020363271,0.96875,0.9658521303258144,0.01091548651456833,1.0,1.0
390,390,0.1267183623276651,0.9625,0.9596126345274951,0.012326961755752564,1.0,1.0
391,391,0.15148561517708004,0.95,0.9496295945433877,0.014690206944942474,1.0,1.0
392,392,0.1424614207353443,0.95,0.9493758888170654,0.014703190326690674,1.0,1.0
393,393,0.10964511008933187,0.975,0.9740900974695629,0.012531527876853943,1.0,1.0
394,394,0.10706982854753733,0.96875,0.9682967032967034,0.00934559851884842,1.0,1.0
395,395,0.08906353148631752,0.9625,0.9605962594067157,0.008980762958526612,1.0,1.0
396,396,0.11437044199556112,0.9625,0.9609764929814842,0.010536439716815948,1.0,1.0
397,397,0.19107045326381922,0.925,0.9206479690522243,0.01198991686105728,1.0,1.0
398,398,0.1015831760596484,0.96875,0.9683965488369258,0.012866084277629853,1.0,1.0
399,399,0.09791026497259736,0.9625,0.9625079861998467,0.012450112402439118,1.0,1.0
400,400,0.11540249502286315,0.96875,0.9679682483076396,0.009737367928028106,1.0,1.0
401,401,0.09470798959955573,0.975,0.9746544528657035,0.008584892004728317,1.0,1.0
402,402,0.13023040257394314,0.9625,0.9607986042547092,0.012948901951313018,1.0,1.0
403,403,0.12463636486791074,0.96875,0.9684398084139838,0.012331799417734147,1.0,1.0
404,404,0.10574837191961706,0.96875,0.9672159887798036,0.010350650548934937,1.0,1.0
405,405,0.08783976850099862,0.9625,0.9609764929814842,0.01053743064403534,1.0,1.0
406,406,0.12224344699643552,0.95,0.9488845253294717,0.010191352665424347,1.0,1.0
407,407,0.06730843335390091,0.9875,0.987397516503212,0.008622667193412781,1.0,1.0
408,408,0.10881933383643627,0.96875,0.9670196918225704,0.008031080663204192,1.0,1.0
409,409,0.10381441796198487,0.95625,0.954592078867574,0.008503204584121704,1.0,1.0
410,410,0.11684504011645913,0.95625,0.9515253313568189,0.009569889307022095,1.0,1.0
411,411,0.10273426701314747,0.975,0.9742300724637681,0.010744033008813858,1.0,1.0
412,412,0.07633459335193038,0.975,0.975,0.010070574283599854,1.0,1.0
413,413,0.10212076874449849,0.95,0.9458943741691591,0.009999559074640275,1.0,1.0
414,414,0.16295073693618178,0.94375,0.9409986313965041,0.008643607050180436,1.0,1.0
415,415,0.15289896819740534,0.95625,0.9554092071611253,0.008929000049829484,1.0,1.0
416,416,0.10454526031389832,0.9625,0.961233568357963,0.008291926980018616,1.0,1.0
417,417,0.12226109416224062,0.95625,0.9555629637104526,0.008951596170663833,1.0,1.0
418,418,0.06327203894034028,0.9875,0.9875394166338195,0.010113129764795304,1.0,1.0
419,419,0.11777100153267384,0.95,0.9474709064306689,0.009253213554620743,1.0,1.0
420,420,0.13237136276438832,0.95625,0.9536492856330154,0.00878773331642151,1.0,1.0
421,421,0.10034892987459898,0.98125,0.9808755404335647,0.009649329632520676,1.0,1.0
422,422,0.09042183333076537,0.9875,0.9875016523463318,0.010998733341693878,1.0,1.0
423,423,0.1094744773581624,0.95625,0.9545407002259317,0.011894138157367706,1.0,1.0
424,424,0.10266450233757496,0.9625,0.9595903061696858,0.009367374330759048,1.0,1.0
425,425,0.07971296599134803,0.96875,0.9682967032967034,0.008094095438718796,1.0,1.0
426,426,0.10552984615787864,0.96875,0.9684479274785683,0.00723913311958313,1.0,1.0
427,427,0.0942187481559813,0.96875,0.9670071314316182,0.009627655893564225,1.0,1.0
428,428,0.08808228955604136,0.9625,0.9609764929814842,0.012035170197486877,1.0,1.0
429,429,0.10604443773627281,0.975,0.9740900974695629,0.012840023636817932,1.0,1.0
430,430,0.14909959444776177,0.94375,0.9416418009255445,0.011513160169124603,1.0,1.0
431,431,0.08821940701454878,0.975,0.9742300724637681,0.011242935806512833,1.0,1.0
432,432,0.08459475473500788,0.9875,0.9874846090610158,0.009372910112142563,1.0,1.0
433,433,0.10014721285551786,0.95625,0.9547554054136231,0.008155782520771027,1.0,1.0
434,434,0.0953435170231387,0.95625,0.9558361199305228,0.008657777309417724,1.0,1.0
435,435,0.10297290654852986,0.96875,0.9670196918225704,0.009240826964378357,1.0,1.0
436,436,0.08485129452310503,0.9625,0.9621840846994536,0.008941996097564697,1.0,1.0
437,437,0.07185054128058255,0.98125,0.9803295932678824,0.00791945457458496,1.0,1.0
438,438,0.14149884530343115,0.96875,0.9677296108028651,0.009032028168439865,1.0,1.0
439,439,0.10249881003983319,0.9625,0.9607986042547092,0.011229324340820312,1.0,1.0
440,440,0.10249382304027677,0.96875,0.966997363464761,0.009642409533262253,1.0,1.0
441,441,0.12269363831728697,0.96875,0.9679905766654489,0.00863242968916893,1.0,1.0
442,442,0.1270529730245471,0.95625,0.9533643989510697,0.0089298315346241,1.0,1.0
443,443,0.11400951095856726,0.95625,0.9547554054136231,0.011234863102436066,1.0,1.0
444,444,0.10181565349921584,0.9625,0.9622595345830639,0.009103363752365113,1.0,1.0
445,445,0.08493595803156495,0.975,0.9742300724637681,0.00698714628815651,1.0,1.0
446,446,0.12091453198809177,0.95,0.945546875,0.006661798059940338,1.0,1.0
447,447,0.0912203355692327,0.96875,0.9679058630763177,0.00817694365978241,1.0,1.0
448,448,0.10283871716819704,0.95625,0.9536492856330154,0.008533909916877747,1.0,1.0
449,449,0.150688951369375,0.93125,0.9287140950447403,0.010591763257980346,1.0,1.0
450,450,0.0881164507009089,0.98125,0.9803295932678824,0.010475714504718781,1.0,1.0
451,451,0.15767253353260458,0.9625,0.9607704603580561,0.009694176912307739,1.0,1.0
452,452,0.1340925469994545,0.9625,0.9598887814313347,0.011331936717033387,1.0,1.0
453,453,0.08578872354701161,0.98125,0.9809780219780219,0.009446593374013901,1.0,1.0
454,454,0.14263468235731125,0.95625,0.9547159887798037,0.00842236503958702,1.0,1.0
455,455,0.08007522718980908,0.96875,0.9683018972186407,0.007725434750318528,1.0,1.0
456,456,0.13315217313356698,0.95,0.9478628884934057,0.0079058438539505,1.0,1.0
457,457,0.13674015644937754,0.96875,0.9670071314316182,0.008822640031576156,1.0,1.0
458,458,0.06503840873483568,0.98125,0.9803295932678824,0.008637274801731109,1.0,1.0
459,459,0.11120472545735538,0.9625,0.9596126345274951,0.009239494800567627,1.0,1.0
460,460,0.10223663924261928,0.975,0.9740900974695629,0.009854861348867417,1.0,1.0
461,461,0.06893917080014944,0.975,0.9742300724637681,0.008256204426288605,1.0,1.0
462,462,0.08904230780899525,0.9625,0.9609764929814842,0.00791356861591339,1.0,1.0
463,463,0.07973912567831576,0.98125,0.9808755404335647,0.0072413235902786255,1.0,1.0
464,464,0.1008837919216603,0.95625,0.9518653654533731,0.007985609769821166,1.0,1.0
465,465,0.07299154764041305,0.9875,0.9870393337722883,0.008552640676498413,1.0,1.0
466,466,0.10755255213007331,0.96875,0.9670071314316182,0.00830223560333252,1.0,1.0
467,467,0.1334718936122954,0.96875,0.9678690099017017,0.008202950656414031,1.0,1.0
468,468,0.10553467972204089,0.95625,0.9556617647058824,0.008771906793117522,1.0,1.0
469,469,0.16859566001221538,0.95,0.9473333189580819,0.010185671597719192,1.0,1.0
470,470,0.12944443244487047,0.96875,0.9658521303258144,0.008881516009569167,1.0,1.0
471,471,0.07475389470346272,0.9875,0.987115036231884,0.00727078765630722,1.0,1.0
472,472,0.10441062599420547,0.95625,0.9547554054136231,0.007929784059524537,1.0,1.0
473,473,0.12360866693779826,0.95625,0.9533643989510697,0.010155174881219864,1.0,1.0
474,474,0.07970313308760524,0.96875,0.9687112302459525,0.008861412853002548,1.0,1.0
475,475,0.07631218805909157,0.96875,0.9672159887798036,0.008737821877002717,1.0,1.0
476,476,0.08653062535449862,0.975,0.9732591876208897,0.008812262117862702,1.0,1.0
477,477,0.11909517738968134,0.9625,0.958046875,0.007843511551618576,1.0,1.0
478,478,0.08677191403694451,0.975,0.974618953350571,0.007731565088033676,1.0,1.0
479,479,0.06326311314478517,0.975,0.9742300724637681,0.007908434420824052,1.0,1.0
480,480,0.144020589068532,0.95625,0.9536492856330154,0.008332180976867675,1.0,1.0
481,481,0.06590902828611434,0.9875,0.9875,0.00979566052556038,1.0,1.0
482,482,0.10415159817785025,0.96875,0.9682822634054992,0.009476551413536071,1.0,1.0
483,483,0.06722172675654292,0.975,0.9747161978218933,0.007707308232784271,1.0,1.0
484,484,0.10983599605970085,0.96875,0.9670196918225704,0.007388396561145783,1.0,1.0
485,485,0.08519451809115708,0.975,0.9732591876208897,0.007634803652763367,1.0,1.0
486,486,0.059066366171464324,0.98125,0.9808755404335647,0.008427569270133972,1.0,1.0
487,487,0.08138976548798382,0.98125,0.9809780219780219,0.00839044451713562,1.0,1.0
488,488,0.10351987881585956,0.9625,0.958046875,0.008531403541564942,1.0,1.0
489,489,0.11640063626691699,0.975,0.9740747394897594,0.008152855187654495,1.0,1.0
490,490,0.06306741014122963,0.98125,0.9809780219780219,0.007320586591959,1.0,1.0
491,491,0.10036270646378398,0.9625,0.9596126345274951,0.007370381057262421,1.0,1.0
492,492,0.10077529866248369,0.9625,0.9609764929814842,0.0071710959076881405,1.0,1.0
493,493,0.08458473661448807,0.96875,0.9677296108028651,0.007987112551927567,1.0,1.0
494,494,0.0677111151162535,0.9875,0.9875,0.008782045543193817,1.0,1.0
495,495,0.060666218283586204,0.975,0.9750568538660074,0.007639045268297196,1.0,1.0
496,496,0.08600672613829374,0.95625,0.9536492856330154,0.006711533665657044,1.0,1.0
497,497,0.050643525552004576,0.9875,0.987115036231884,0.00606248751282692,1.0,1.0
498,498,0.1686869829427451,0.94375,0.9420768547639854,0.006155537813901902,1.0,1.0
499,499,0.08640691626351327,0.95625,0.9573670028407161,0.008360439538955688,1.0,1.0
