,epoch,train_loss,wire_train_acc,wire_train_f1,terminal_train_acc,terminal_train_f1,action_train_acc,action_train_f1,val_loss,wire_val_acc,wire_val_f1,terminal_val_acc,terminal_val_f1,action_val_acc,action_val_f1
0,0,9.6532655864954,0.19375,0.19753960548526167,0.0625,0.06345993155606178,0.275,0.26136273631534457,9.457944798469544,0.5,0.49765182186234813,0.8,0.8064285714285715,0.325,0.22687338501291993
1,1,9.60902771651745,0.2,0.1994301809963725,0.14375,0.1433961462071566,0.275,0.25117581703151687,9.326730799674987,0.475,0.47222222222222215,0.95,0.9515384615384616,0.525,0.5045751633986928
2,2,9.53612298965454,0.19375,0.196784070634985,0.15,0.14898774000132234,0.33125,0.30755376866924117,9.188365721702576,0.35,0.35767231134878197,1.0,1.0,0.475,0.37470238095238095
3,3,9.497321337461472,0.25625,0.25150093370681603,0.24375,0.24005723626952072,0.35625,0.3302820710111959,9.028875982761383,0.625,0.6266869095816464,0.925,0.9251748251748252,0.525,0.4681025641025641
4,4,9.316003066301345,0.26875,0.2669260825545473,0.2625,0.2680771201616915,0.4375,0.4079841454841454,8.865887391567231,0.6,0.6016290726817043,1.0,1.0,0.6,0.5703525641025642
5,5,9.176772412657737,0.225,0.2284230373332278,0.325,0.31789758210160124,0.49375,0.4536682446703999,8.621087086200713,0.625,0.6279448621553885,1.0,1.0,0.6,0.5703525641025642
6,6,9.1387198895216,0.23125,0.23175286177460558,0.4875,0.4883288994045662,0.46875,0.433579349078341,8.356926155090331,0.6,0.603030303030303,1.0,1.0,0.625,0.5997398190045249
7,7,8.720868042111396,0.2375,0.235060715609937,0.5,0.5010472168443212,0.58125,0.5413327273564065,7.911794984340668,0.625,0.6257936507936508,1.0,1.0,0.65,0.62375
8,8,8.23351309299469,0.1875,0.18838258865547602,0.64375,0.6432531784576979,0.6875,0.6387641420204445,7.468082594871521,0.525,0.5302380952380952,1.0,1.0,0.725,0.6828225806451613
9,9,7.809902358055115,0.24375,0.23755717108977975,0.68125,0.6798661721115313,0.7,0.6495788433990681,6.839368081092834,0.625,0.6309155518394649,1.0,1.0,0.725,0.6828225806451613
10,10,7.297987240552902,0.25,0.24952258363299556,0.83125,0.8286833534286326,0.70625,0.6647928379759774,6.593669271469116,0.625,0.6289595028294719,1.0,1.0,0.65,0.5632205513784461
11,11,7.119180744886398,0.275,0.2744492803349569,0.85625,0.8572698999872912,0.725,0.6851264157221544,5.855910384654999,0.6,0.6057837995337996,1.0,1.0,0.75,0.7055208333333334
12,12,6.692967596650123,0.30625,0.3045037328408435,0.93125,0.9314752483517925,0.7375,0.6843547734627832,5.406455421447754,0.675,0.678654970760234,1.0,1.0,0.775,0.72914673046252
13,13,6.3262233406305315,0.3625,0.36522743163904486,0.95625,0.956392454954955,0.75,0.6999490489130435,5.316126209497452,0.675,0.6769005847953217,1.0,1.0,0.7,0.6375
14,14,5.813091453909874,0.2875,0.28718547651169546,0.975,0.9749470390892624,0.75625,0.7057898586243465,4.823909252882004,0.75,0.755297557619539,1.0,1.0,0.775,0.72914673046252
15,15,5.49449208676815,0.33125,0.33004687499999996,1.0,1.0,0.74375,0.693413063216434,4.617893391847611,0.775,0.7756922944616443,1.0,1.0,0.75,0.7055208333333334
16,16,5.219373159110546,0.4375,0.4361809032123488,0.98125,0.9811892736892738,0.775,0.7211014221099384,4.476281630992889,0.8,0.8012770897832817,1.0,1.0,0.775,0.72914673046252
17,17,4.971882002055645,0.5,0.501917375924729,0.975,0.9752311964057654,0.75,0.6988636363636364,4.305830293893814,0.8,0.8012770897832817,1.0,1.0,0.775,0.72914673046252
18,18,4.887635563313961,0.4875,0.494010443137606,0.99375,0.9937336530078464,0.74375,0.7049687976100423,4.016409689188004,0.825,0.8231442577030812,1.0,1.0,0.85,0.8086309523809524
19,19,4.734401777386665,0.525,0.5242815827519463,1.0,1.0,0.74375,0.6902134192082646,3.751451003551483,0.775,0.7772015823873408,1.0,1.0,0.85,0.8086309523809524
20,20,4.353462933003902,0.5875,0.5915359731275485,0.9875,0.9874908424908426,0.8,0.7754131893307152,3.3799516201019286,0.825,0.825,1.0,1.0,0.775,0.72914673046252
21,21,4.285979437828064,0.64375,0.6462851873793644,0.9875,0.9875444579366812,0.78125,0.7378621362201964,2.9454092353582384,0.825,0.8281881173522041,1.0,1.0,0.875,0.8334457771114444
22,22,3.9484680235385894,0.675,0.6772696822903028,0.9875,0.9873026038372338,0.75625,0.7106743771692225,2.9770599633455275,0.8,0.800563909774436,1.0,1.0,0.775,0.72914673046252
23,23,3.5826743960380556,0.66875,0.6675144984821655,0.9875,0.9874470899470899,0.80625,0.7558631211857019,2.542074106633663,0.75,0.7463594884647516,1.0,1.0,0.825,0.782757296466974
24,24,3.249107478186488,0.7375,0.7371644042232278,0.99375,0.9937258064516129,0.79375,0.7562208214990294,2.8057830408215523,0.85,0.8480688901741533,1.0,1.0,0.775,0.7238795518207283
25,25,3.294334274157882,0.71875,0.7183188186097629,0.99375,0.9937574537865235,0.79375,0.7508412092399784,2.4643132731318476,0.875,0.8744704899503661,1.0,1.0,0.825,0.8021625461778914
26,26,3.0848089788109063,0.7125,0.7126010870714261,0.99375,0.9937579821200512,0.80625,0.7748067919454006,2.192951060831547,0.775,0.7782581453634085,1.0,1.0,0.9,0.894237012987013
27,27,3.0783535074442625,0.675,0.6752273257787964,1.0,1.0,0.8,0.7613354502524019,2.1494458593428134,0.85,0.8507017543859648,1.0,1.0,0.85,0.8387106357694591
28,28,2.8899307422339917,0.68125,0.6801424266977263,0.9875,0.9875361141530593,0.8,0.7838532053544913,1.9533660367131234,0.875,0.8784795321637426,1.0,1.0,0.85,0.8387106357694591
29,29,2.8057973701506853,0.7125,0.7120679723502303,0.99375,0.9937169312169312,0.8,0.765731304440814,1.8251784555613995,0.825,0.8283238734090126,1.0,1.0,0.925,0.9190518377175048
30,30,2.6881970228627323,0.7,0.7004249396720863,0.99375,0.9937720225510922,0.825,0.8021408166109254,1.7506494477391243,0.85,0.8521637426900585,1.0,1.0,0.925,0.9190518377175048
31,31,2.5018880266696213,0.6875,0.6878710695900152,1.0,1.0,0.85,0.8201850780798148,1.69807183817029,0.75,0.7545614035087719,1.0,1.0,0.925,0.9190518377175048
32,32,2.7175818579271436,0.69375,0.693385075542603,1.0,1.0,0.81875,0.7954450966267734,1.78235357478261,0.875,0.877017543859649,1.0,1.0,0.925,0.9228720238095238
33,33,2.5901687630452215,0.7,0.7000955371838445,0.9875,0.9874498556998557,0.8625,0.8501470588235295,1.7275450490415096,0.875,0.877017543859649,1.0,1.0,0.95,0.9522222222222222
34,34,2.179683938063681,0.775,0.7748704173751613,1.0,1.0,0.875,0.8657031249999999,1.4397144839167595,0.875,0.877017543859649,1.0,1.0,0.975,0.9738095238095239
35,35,2.087130577117205,0.74375,0.7437564081117946,1.0,1.0,0.89375,0.8786476698695556,2.0197768684476616,0.9,0.9016133470932232,1.0,1.0,0.8,0.7865972222222222
36,36,2.1509447338059546,0.78125,0.7800718708536046,0.99375,0.9937781320330081,0.89375,0.8928618959302183,1.4267044574022294,0.875,0.877017543859649,1.0,1.0,0.95,0.943939393939394
37,37,2.169979488663375,0.74375,0.7432065992649062,1.0,1.0,0.85625,0.843185084637496,1.338904545083642,0.875,0.877017543859649,1.0,1.0,1.0,1.0
38,38,1.9822829335927963,0.76875,0.7687199394808091,0.9875,0.9874725553889722,0.9125,0.9076980792316925,1.2196216367185115,0.925,0.9265246449456976,1.0,1.0,1.0,1.0
39,39,2.076734559517354,0.775,0.7756424360080528,1.0,1.0,0.9125,0.9112402594575771,1.2425917107611895,0.925,0.9265246449456976,1.0,1.0,1.0,1.0
40,40,1.9244049553759397,0.79375,0.7954461649524676,0.99375,0.993755411255411,0.9125,0.9116347046610942,1.0116261783987284,0.925,0.9265246449456976,1.0,1.0,0.95,0.943939393939394
41,41,1.7379587717354297,0.7875,0.7879699830722647,0.99375,0.9937615207373272,0.95,0.9488241881298991,0.9953265791758895,0.875,0.8713888888888889,1.0,1.0,1.0,1.0
42,42,1.8132481866981833,0.74375,0.743903603864376,1.0,1.0,0.93125,0.9312464629315222,0.9823345286771655,0.875,0.877017543859649,1.0,1.0,1.0,1.0
43,43,1.6461563486605884,0.775,0.7750795033460538,1.0,1.0,0.91875,0.915181540039615,0.9177213760092855,0.9,0.901670843776107,1.0,1.0,1.0,1.0
44,44,1.6693526076618581,0.7625,0.7596542576703388,0.99375,0.993776455026455,0.9375,0.9376559478278409,1.8319047801196575,0.925,0.9265246449456976,1.0,1.0,0.825,0.8007207207207208
45,45,1.8129669975489378,0.75625,0.7548458103115236,1.0,1.0,0.91875,0.9184398643343666,0.9195242745801806,0.925,0.9265246449456976,1.0,1.0,1.0,1.0
46,46,1.5883049126714468,0.8,0.7985188008409223,0.9875,0.9873894537946081,0.95,0.9496525978748845,0.868228954821825,0.925,0.9265246449456976,1.0,1.0,1.0,1.0
47,47,1.5183798180893064,0.81875,0.8186152817770465,1.0,1.0,0.9375,0.9367878170289856,0.7867833785712719,0.925,0.9265246449456976,1.0,1.0,1.0,1.0
48,48,1.4803624446503818,0.825,0.8271426860810422,0.9875,0.9874607914365978,0.9375,0.9369701086956521,0.77439459618181,0.925,0.9265246449456976,1.0,1.0,1.0,1.0
49,49,1.4477128120604903,0.7875,0.7872936572498377,0.99375,0.9937169312169312,0.975,0.9748233695652173,0.7201725248247385,0.925,0.9265246449456976,1.0,1.0,1.0,1.0
50,50,1.2056572414003313,0.8375,0.8368066591227767,1.0,1.0,0.975,0.9750354398179674,0.7165870168246329,0.925,0.9265246449456976,1.0,1.0,1.0,1.0
51,51,1.3283288430888205,0.8125,0.813287559006554,1.0,1.0,0.9625,0.962454584078668,0.6692845324985683,0.925,0.9265246449456976,1.0,1.0,1.0,1.0
52,52,1.3890398580115288,0.8,0.8000988194997891,0.99375,0.9937267008387698,0.9375,0.9372870686672499,0.6354030882939696,0.925,0.9265246449456976,1.0,1.0,1.0,1.0
53,53,1.176285182160791,0.83125,0.8310956545074306,1.0,1.0,0.98125,0.9812478777589135,0.6116578522138297,0.9,0.9016133470932232,1.0,1.0,1.0,1.0
54,54,1.3287311160471291,0.85,0.8510011305658628,1.0,1.0,0.95,0.950294833986842,0.714836342073977,0.925,0.9265246449456976,1.0,1.0,1.0,1.0
55,55,1.2525203592143952,0.8,0.8003726851242561,1.0,1.0,0.975,0.9748612857394322,0.5881643254775554,0.925,0.9265246449456976,1.0,1.0,1.0,1.0
56,56,1.3324652642826549,0.81875,0.8188157742911757,0.9875,0.987519767160906,0.9625,0.9623700256739409,0.5805853337049485,0.925,0.9265246449456976,1.0,1.0,1.0,1.0
57,57,1.1903255400247872,0.85,0.8499359092444199,0.99375,0.99375,0.94375,0.9437859199399131,0.5496122125536204,0.925,0.9265246449456976,1.0,1.0,1.0,1.0
58,58,1.104686783789657,0.88125,0.8799948694730922,1.0,1.0,0.9625,0.9626105639360756,0.6118220953736454,0.925,0.9265246449456976,1.0,1.0,1.0,1.0
59,59,1.0492921342258341,0.8375,0.8374905303030303,1.0,1.0,0.9625,0.9623916393003341,0.5495063099078834,0.925,0.9265246449456976,1.0,1.0,1.0,1.0
60,60,1.1107260916614905,0.825,0.8246697951062641,0.99375,0.993755411255411,0.975,0.975,0.5720570289064199,0.925,0.9265246449456976,1.0,1.0,1.0,1.0
61,61,1.0438449256238527,0.825,0.8254525797951464,1.0,1.0,0.9875,0.9875,0.5557265698909759,0.925,0.9265246449456976,1.0,1.0,1.0,1.0
62,62,1.0902313424274326,0.85625,0.855668880455408,1.0,1.0,0.96875,0.9688626861771622,0.5259773205034435,0.925,0.9265246449456976,1.0,1.0,1.0,1.0
63,63,0.9716278179374058,0.825,0.8238067377488629,0.99375,0.9937781320330081,0.975,0.9751088725381105,0.5000160454306751,0.925,0.9265246449456976,1.0,1.0,1.0,1.0
64,64,1.0091241447720676,0.83125,0.8316456494325347,0.9875,0.9875979939566897,0.96875,0.9688626861771622,0.5277555905282497,0.925,0.9265246449456976,1.0,1.0,1.0,1.0
65,65,0.9910109840449877,0.825,0.8267028248780125,0.99375,0.9937267008387698,0.9875,0.9874566752246471,0.4820792994461954,0.925,0.9265246449456976,1.0,1.0,1.0,1.0
66,66,0.9737516537890769,0.85,0.8499747983870968,0.99375,0.9937602375102376,0.96875,0.9687081211471457,0.5539392798673362,0.925,0.9265246449456976,1.0,1.0,1.0,1.0
67,67,0.8229390255582985,0.8875,0.8879112681049376,1.0,1.0,0.975,0.9751119787634668,0.4444128877017647,0.925,0.9265246449456976,1.0,1.0,1.0,1.0
68,68,0.8061521997326053,0.86875,0.8698982490747218,0.99375,0.9936706349206348,1.0,1.0,0.45526464148424567,0.925,0.9265246449456976,1.0,1.0,1.0,1.0
69,69,0.8441378823918058,0.8625,0.8625469199259523,0.99375,0.9937781320330081,0.9875,0.9874696995902295,0.45571093990001826,0.925,0.9265246449456976,1.0,1.0,1.0,1.0
70,70,0.8220154947717674,0.8875,0.8872799616641529,0.9875,0.987483239149656,0.98125,0.9815517241379309,0.4725662549724802,0.925,0.9265246449456976,1.0,1.0,1.0,1.0
71,71,0.9509643430355936,0.85625,0.8562663097934001,0.99375,0.9937223695844386,0.98125,0.9810726621515219,0.39655534613411875,0.925,0.9265246449456976,1.0,1.0,1.0,1.0
72,72,0.9792854328756221,0.86875,0.8688951612903226,0.9875,0.9875379757637823,0.9625,0.962454584078668,0.43534475374035536,0.925,0.9265246449456976,1.0,1.0,1.0,1.0
73,73,0.7960034145799,0.8625,0.8631870142707634,0.9875,0.9872964943553179,0.9875,0.9875368546453587,0.40634032008238136,0.925,0.9265246449456976,1.0,1.0,1.0,1.0
74,74,0.9694318446330726,0.8625,0.8624687107247591,1.0,1.0,0.9625,0.9628821480938414,0.39888952262699606,0.925,0.9265246449456976,1.0,1.0,1.0,1.0
75,75,0.7771237425477011,0.90625,0.9058578543145555,1.0,1.0,0.975,0.9750635718509757,0.37387417040299625,0.925,0.9265246449456976,1.0,1.0,1.0,1.0
76,76,0.6895608142600395,0.8875,0.8877683452752188,1.0,1.0,0.9875,0.9875368546453587,0.3515041346196085,0.925,0.9265246449456976,1.0,1.0,1.0,1.0
77,77,0.7898849356803112,0.86875,0.8680338960225866,1.0,1.0,0.975,0.974955998906059,0.3659373118309304,0.925,0.9265246449456976,1.0,1.0,1.0,1.0
78,78,0.7190056723920861,0.875,0.8750940970793912,1.0,1.0,0.9875,0.9875368546453587,0.34650217213202267,0.925,0.9265246449456976,1.0,1.0,1.0,1.0
79,79,0.562503881182056,0.95625,0.9563498487561191,0.99375,0.993776455026455,0.975,0.975,0.3593894710764289,0.925,0.9265246449456976,1.0,1.0,1.0,1.0
80,80,0.9104021657665726,0.9,0.8997467648056057,0.99375,0.9937267008387698,0.9625,0.9625,0.34520928040146825,0.925,0.9265246449456976,1.0,1.0,1.0,1.0
81,81,0.8071701666136505,0.89375,0.8934795439483894,1.0,1.0,0.9875,0.987494338768116,0.38472401078324764,0.925,0.9265246449456976,1.0,1.0,1.0,1.0
82,82,0.7351639150321716,0.875,0.8751568480043741,0.9875,0.9874627448006201,0.98125,0.9812875620590541,0.3313210335560143,0.925,0.9265246449456976,1.0,1.0,1.0,1.0
83,83,0.7740107437333791,0.84375,0.8431521531337619,0.99375,0.9937267008387698,0.99375,0.9937492925863045,0.34624273210065437,0.925,0.9265246449456976,1.0,1.0,1.0,1.0
84,84,0.5752889589639381,0.9,0.8984741924179829,1.0,1.0,0.9875,0.987494338768116,0.3473477271851152,0.9,0.901670843776107,1.0,1.0,1.0,1.0
85,85,0.8314880987891229,0.88125,0.8812816571949386,0.9875,0.987526455026455,0.98125,0.9812478777589135,0.5487450560438447,0.925,0.9265246449456976,1.0,1.0,0.975,0.9748079877112135
86,86,0.7901381138566649,0.9125,0.9125516684563271,1.0,1.0,0.9625,0.9625340249905765,0.3307074806536548,0.925,0.9265246449456976,1.0,1.0,1.0,1.0
87,87,0.7690260423492873,0.90625,0.9062519607541599,0.99375,0.9937615207373269,0.9625,0.9625340249905765,0.33137660536449404,0.925,0.9265246449456976,1.0,1.0,1.0,1.0
88,88,0.6793008927255869,0.8625,0.862583089659241,1.0,1.0,1.0,1.0,0.33094311591703446,0.925,0.9265246449456976,1.0,1.0,1.0,1.0
89,89,0.6688460561592364,0.89375,0.8937319825041344,1.0,1.0,1.0,1.0,0.34351420869352295,0.925,0.9265246449456976,1.0,1.0,1.0,1.0
90,90,0.6461338107663324,0.9,0.8995976694204757,0.99375,0.9937451737451738,0.99375,0.9937492925863045,0.3181814908981323,0.925,0.9265246449456976,1.0,1.0,1.0,1.0
91,91,0.6231474967324175,0.9,0.9003622215499728,0.99375,0.9937267008387698,0.9875,0.9875,0.34576668156078083,0.925,0.9265246449456976,1.0,1.0,1.0,1.0
92,92,0.6248948398671927,0.8875,0.8878566040763923,0.9875,0.9873712998713,1.0,1.0,0.3456297999364324,0.925,0.9265246449456976,1.0,1.0,1.0,1.0
93,93,0.6217717066727346,0.89375,0.8944322058994857,1.0,1.0,0.98125,0.9812081211471456,0.3561822428135201,0.925,0.9265246449456976,1.0,1.0,1.0,1.0
94,94,0.5490341996905045,0.88125,0.8801037603688403,1.0,1.0,1.0,1.0,0.3308239615755156,0.925,0.9265246449456976,1.0,1.0,1.0,1.0
95,95,0.5092190528666833,0.9375,0.9374750604642397,0.99375,0.9937258064516129,0.99375,0.9937492925863045,0.3180785070522688,0.925,0.9265246449456976,1.0,1.0,1.0,1.0
96,96,0.5760612639642204,0.875,0.8739390094064092,1.0,1.0,0.99375,0.993787562059054,0.3271600318257697,0.925,0.9265246449456976,1.0,1.0,1.0,1.0
97,97,0.5597812826621521,0.8875,0.8872198787204052,1.0,1.0,0.99375,0.9937492925863045,0.31046665198518897,0.925,0.9265246449456976,1.0,1.0,1.0,1.0
98,98,0.8254517390741967,0.875,0.8745859301769011,1.0,1.0,0.98125,0.9812875620590541,0.30686792714404876,0.925,0.9265246449456976,1.0,1.0,1.0,1.0
99,99,0.6459841375635733,0.8875,0.8872465225406401,1.0,1.0,0.9875,0.9875,0.3039978971821256,0.925,0.9265246449456976,1.0,1.0,1.0,1.0
100,100,0.7012687711161562,0.875,0.8752267573696144,1.0,1.0,0.99375,0.9937492925863045,0.3237552906037308,0.925,0.9265246449456976,1.0,1.0,1.0,1.0
101,101,0.6284200321941171,0.9,0.9000490074441687,0.99375,0.9937408424908425,0.9875,0.987494338768116,0.31034795328159814,0.925,0.9265246449456976,1.0,1.0,1.0,1.0
102,102,0.624573616476846,0.9,0.9009406950491858,1.0,1.0,0.9875,0.9875,0.307157893787371,0.925,0.9265246449456976,1.0,1.0,1.0,1.0
103,103,0.6107848622414167,0.8875,0.8878126079718566,1.0,1.0,0.9875,0.9874574137334502,0.29037162199383604,0.925,0.9265246449456976,1.0,1.0,1.0,1.0
104,104,0.47053443260956557,0.95,0.9498074229691877,0.9875,0.9875281109445277,0.98125,0.9812478777589135,0.30203366771456786,0.9,0.901670843776107,1.0,1.0,1.0,1.0
105,105,0.576466763553617,0.8625,0.8619050699732199,1.0,1.0,1.0,1.0,0.2896095310570672,0.925,0.9265246449456976,1.0,1.0,1.0,1.0
106,106,0.7320468472404172,0.88125,0.8811830817853457,0.9875,0.9874958545502024,0.99375,0.9937492925863045,0.3007103817246389,0.925,0.9265246449456976,1.0,1.0,1.0,1.0
107,107,0.5751755683217198,0.89375,0.8927888751424584,1.0,1.0,1.0,1.0,0.29344186567468566,0.925,0.9265246449456976,1.0,1.0,1.0,1.0
108,108,0.6545459045380995,0.9125,0.9123333307158339,0.99375,0.9937579821200512,0.9875,0.9875,0.30148136519128454,0.925,0.9265246449456976,1.0,1.0,1.0,1.0
109,109,0.5678257437546563,0.9125,0.9119440919665248,1.0,1.0,0.9875,0.9875,0.3091171349573415,0.925,0.9265246449456976,1.0,1.0,1.0,1.0
110,110,0.4479502955517091,0.93125,0.9311538461538461,1.0,1.0,1.0,1.0,0.3112766068195924,0.925,0.9265246449456976,1.0,1.0,1.0,1.0
111,111,0.5772185149951838,0.90625,0.9054118070863695,0.99375,0.9936958874458874,0.98125,0.9812875620590541,0.3129870487988228,0.925,0.9265246449456976,1.0,1.0,1.0,1.0
112,112,0.46604207388008945,0.93125,0.9309275308133621,0.99375,0.9937407407407408,0.99375,0.9937492925863045,0.3202670260478044,0.925,0.9265246449456976,1.0,1.0,1.0,1.0
113,113,0.6598471515644633,0.9,0.8995354050129087,1.0,1.0,0.98125,0.9812478777589135,0.30130632530199364,0.925,0.9265246449456976,1.0,1.0,1.0,1.0
114,114,0.43694266522215913,0.9375,0.9374149659863946,0.99375,0.99375,0.9875,0.9875368546453587,0.30603486410400366,0.925,0.9265246449456976,1.0,1.0,1.0,1.0
115,115,0.5200013811474491,0.89375,0.8944772937166091,1.0,1.0,0.98125,0.9812478777589135,0.30062208047602323,0.925,0.9265246449456976,1.0,1.0,1.0,1.0
116,116,0.39315325632342135,0.94375,0.9433018789508006,0.99375,0.9937094594594594,0.99375,0.993787562059054,0.28844219581224023,0.925,0.9265246449456976,1.0,1.0,1.0,1.0
117,117,0.5004353434967925,0.925,0.9252140700920493,1.0,1.0,0.98125,0.9812478777589135,0.29192221984267236,0.925,0.9265246449456976,1.0,1.0,1.0,1.0
118,118,0.5088113668796723,0.90625,0.9062421164185277,1.0,1.0,0.99375,0.9937492925863045,0.2793835393531481,0.925,0.9265246449456976,1.0,1.0,1.0,1.0
119,119,0.4569350804929854,0.925,0.925438401584888,1.0,1.0,0.9875,0.9875368546453587,0.28759966263896786,0.925,0.9265246449456976,1.0,1.0,1.0,1.0
120,120,0.4856882237079844,0.91875,0.9186298120937202,1.0,1.0,0.99375,0.9937492925863045,0.27488218333455733,0.925,0.9265246449456976,1.0,1.0,1.0,1.0
121,121,0.36769619036440415,0.94375,0.9427835399020292,1.0,1.0,1.0,1.0,0.2869046470732428,0.925,0.9265246449456976,1.0,1.0,1.0,1.0
122,122,0.49198229161956986,0.9375,0.9370828719547367,1.0,1.0,0.9875,0.9875,0.28562283448991366,0.925,0.9265246449456976,1.0,1.0,1.0,1.0
123,123,0.5975214002424764,0.91875,0.9185894075298606,1.0,1.0,0.98125,0.9812875620590541,0.27264350270852444,0.925,0.9265246449456976,1.0,1.0,1.0,1.0
124,124,0.43364490061248945,0.93125,0.9310263426090039,0.99375,0.9937930663221362,0.99375,0.9937492925863045,0.27720759054645894,0.925,0.9265246449456976,1.0,1.0,1.0,1.0
125,125,0.5021539065999605,0.94375,0.9429956636638662,0.99375,0.9937781109445277,0.9875,0.9875368546453587,0.293411437337636,0.925,0.9265246449456976,1.0,1.0,1.0,1.0
126,126,0.6455086625028343,0.925,0.9248916339076615,1.0,1.0,0.975,0.9749320882852291,0.27392443153366913,0.925,0.9265246449456976,1.0,1.0,1.0,1.0
127,127,0.4517390367076587,0.95,0.9500143162103551,0.99375,0.9937579821200512,0.99375,0.9937492925863045,0.2694690605159849,0.925,0.9265246449456976,1.0,1.0,1.0,1.0
128,128,0.561642324955028,0.89375,0.892957724988975,1.0,1.0,0.9875,0.9875,0.279397955359309,0.925,0.9265246449456976,1.0,1.0,1.0,1.0
129,129,0.41672054912814926,0.95,0.950167551085431,1.0,1.0,0.9875,0.9875,0.2769092842383543,0.925,0.9265246449456976,1.0,1.0,1.0,1.0
130,130,0.5428588607166602,0.9375,0.937487943750239,1.0,1.0,0.99375,0.9937492925863045,0.2961960726417601,0.925,0.9265246449456976,1.0,1.0,1.0,1.0
131,131,0.31097691145314454,0.9625,0.9627558163913067,0.99375,0.9937663469921535,0.99375,0.9937492925863045,0.3036013358854689,0.925,0.9265246449456976,1.0,1.0,1.0,1.0
132,132,0.4376637706069232,0.90625,0.9056832932692307,0.99375,0.9937169312169312,1.0,1.0,0.31106566126109103,0.925,0.9265246449456976,1.0,1.0,1.0,1.0
133,133,0.5063056973900529,0.93125,0.9311750972957793,1.0,1.0,0.975,0.9750354398179674,0.304826656539808,0.925,0.9265246449456976,1.0,1.0,1.0,1.0
134,134,0.33078413601906503,0.95625,0.956289746896138,1.0,1.0,1.0,1.0,0.3084665179427247,0.925,0.9265246449456976,1.0,1.0,1.0,1.0
135,135,0.4146686147448236,0.93125,0.9310305706206833,1.0,1.0,1.0,1.0,0.30066611485381145,0.925,0.9265246449456976,1.0,1.0,1.0,1.0
136,136,0.3388029363213718,0.93125,0.9298641312178179,1.0,1.0,0.99375,0.9937081211471457,0.30112448378058615,0.925,0.9265246449456976,1.0,1.0,1.0,1.0
137,137,0.4188395024422789,0.925,0.9243602023774438,1.0,1.0,0.9875,0.9875,0.3022339862538502,0.925,0.9265246449456976,1.0,1.0,1.0,1.0
138,138,0.49613001694688136,0.9,0.8999395647193698,1.0,1.0,1.0,1.0,0.30687390450766544,0.925,0.9265246449456976,1.0,1.0,1.0,1.0
139,139,0.3486235841105554,0.9375,0.9373365820061803,0.9875,0.9874559651817716,1.0,1.0,0.29936513017019023,0.925,0.9265246449456976,1.0,1.0,1.0,1.0
140,140,0.3227471702028197,0.95625,0.9563461538461538,1.0,1.0,0.99375,0.9937492925863045,0.3031006060889922,0.925,0.9265246449456976,1.0,1.0,1.0,1.0
141,141,0.3558863081905656,0.9375,0.93731669239222,1.0,1.0,1.0,1.0,0.2995616072206758,0.925,0.9265246449456976,1.0,1.0,1.0,1.0
142,142,0.3988267897064361,0.95625,0.9560037682411673,1.0,1.0,0.98125,0.981120025673941,0.29271681878599337,0.925,0.9265246449456976,1.0,1.0,1.0,1.0
143,143,0.3198827438115586,0.94375,0.9435401693760657,0.99375,0.9937615207373269,1.0,1.0,0.2995478204888059,0.925,0.9265246449456976,1.0,1.0,1.0,1.0
144,144,0.45649158672458723,0.9125,0.9127106854838709,0.9875,0.9875392634013324,1.0,1.0,0.30958475515944883,0.925,0.9265246449456976,1.0,1.0,1.0,1.0
145,145,0.38717095752726893,0.94375,0.9437308127754112,1.0,1.0,1.0,1.0,0.3067844304983737,0.925,0.9265246449456976,1.0,1.0,1.0,1.0
146,146,0.2713255639540876,0.95625,0.9563860972800351,1.0,1.0,1.0,1.0,0.3024675020889845,0.925,0.9265246449456976,1.0,1.0,1.0,1.0
147,147,0.34760995989763616,0.95625,0.9563583845134623,1.0,1.0,0.9875,0.9875,0.30946012971398884,0.925,0.9265246449456976,1.0,1.0,1.0,1.0
148,148,0.39633507442576954,0.9,0.8996921911731134,1.0,1.0,0.99375,0.9937492925863045,0.2770323969598394,0.925,0.9265246449456976,1.0,1.0,1.0,1.0
149,149,0.2926959030308353,0.95625,0.9562645180023228,0.99375,0.9937579821200512,0.9875,0.9875368546453587,0.29609227455512155,0.925,0.9265246449456976,1.0,1.0,1.0,1.0
150,150,0.46718340570605504,0.925,0.9254331789754596,1.0,1.0,0.9875,0.9875,0.27481684699014297,0.925,0.9265246449456976,1.0,1.0,1.0,1.0
151,151,0.2766526240548046,0.95,0.9500606891331838,0.99375,0.9937267008387698,1.0,1.0,0.2874151121039176,0.925,0.9265246449456976,1.0,1.0,1.0,1.0
152,152,0.26097478193842105,0.95625,0.9560788189345217,1.0,1.0,1.0,1.0,0.30112579794222255,0.925,0.9265246449456976,1.0,1.0,1.0,1.0
153,153,0.6095469045460049,0.9125,0.9126256570547098,1.0,1.0,0.9875,0.9875,0.30375481584924274,0.925,0.9265246449456976,1.0,1.0,1.0,1.0
154,154,0.4217800957518193,0.94375,0.9439161073426687,1.0,1.0,0.9875,0.9875,0.29152607273572356,0.925,0.9265246449456976,1.0,1.0,1.0,1.0
155,155,0.2824862631846372,0.94375,0.943775742027832,0.99375,0.993801410105758,1.0,1.0,0.29812874094204744,0.925,0.9265246449456976,1.0,1.0,1.0,1.0
156,156,0.367358843367947,0.9375,0.9367721119804381,1.0,1.0,0.99375,0.9937492925863045,0.2779727538872976,0.925,0.9265246449456976,1.0,1.0,1.0,1.0
157,157,0.30518948638346044,0.95,0.9500122800144648,0.99375,0.9936706349206348,1.0,1.0,0.30840334269378217,0.925,0.9265246449456976,1.0,1.0,1.0,1.0
158,158,0.2498201717951815,0.9375,0.9374735975348981,1.0,1.0,1.0,1.0,0.2984599482442718,0.925,0.9265246449456976,1.0,1.0,1.0,1.0
159,159,0.5370177433920617,0.9375,0.9377138037648868,1.0,1.0,0.975,0.9751119787634668,0.287734155151702,0.925,0.9265246449456976,1.0,1.0,1.0,1.0
160,160,0.27680832979576736,0.94375,0.9435374877198441,1.0,1.0,0.99375,0.9937492925863045,0.27106362575723325,0.925,0.9265246449456976,1.0,1.0,1.0,1.0
161,161,0.3910816080945551,0.925,0.924008651436283,1.0,1.0,1.0,1.0,0.2838992283504922,0.925,0.9265246449456976,1.0,1.0,1.0,1.0
162,162,0.27977765471614474,0.94375,0.9435342726310614,1.0,1.0,0.99375,0.9937492925863045,0.3087011259121937,0.925,0.9265246449456976,1.0,1.0,1.0,1.0
163,163,0.320145914862951,0.94375,0.9438295558608057,1.0,1.0,0.99375,0.9937492925863045,0.28478445728542284,0.925,0.9265246449456976,1.0,1.0,1.0,1.0
164,164,0.3271774175693281,0.95,0.9501178523618282,0.99375,0.9936944444444444,1.0,1.0,0.2680233370643691,0.925,0.9265246449456976,1.0,1.0,1.0,1.0
165,165,0.37730439664928783,0.95,0.9503618982271345,1.0,1.0,0.9875,0.987494338768116,0.2813628730087657,0.925,0.9265246449456976,1.0,1.0,1.0,1.0
166,166,0.3268330058158426,0.9375,0.9378350122100121,1.0,1.0,1.0,1.0,0.2987762196949916,0.925,0.9265246449456976,1.0,1.0,1.0,1.0
167,167,0.3811779036913322,0.91875,0.9188224833202512,1.0,1.0,0.99375,0.9937492925863045,0.31050250885018615,0.925,0.9265246449456976,1.0,1.0,1.0,1.0
168,168,0.31841567309493257,0.95625,0.9563073979591838,1.0,1.0,1.0,1.0,0.29534465699252904,0.925,0.9265246449456976,1.0,1.0,1.0,1.0
169,169,0.23245300305898126,0.96875,0.9685402951447537,0.99375,0.9937617850408549,1.0,1.0,0.3478595189211774,0.925,0.9265246449456976,1.0,1.0,1.0,1.0
170,170,0.3077539257001263,0.94375,0.943826408937993,1.0,1.0,1.0,1.0,0.3626456942743971,0.925,0.9265246449456976,1.0,1.0,1.0,1.0
171,171,0.30001299486157224,0.94375,0.943357963194301,1.0,1.0,0.9875,0.9874574137334502,0.31804629520702293,0.925,0.9265246449456976,1.0,1.0,1.0,1.0
172,172,0.2899375554441576,0.95625,0.9562139616935482,0.99375,0.9937116858237548,1.0,1.0,0.29429173986427487,0.925,0.9265246449456976,1.0,1.0,1.0,1.0
173,173,0.45930292835037106,0.94375,0.9442258184523811,1.0,1.0,0.975,0.975,0.27020700843131634,0.925,0.9265246449456976,1.0,1.0,1.0,1.0
174,174,0.2301809674220749,0.95,0.9498157596371882,0.99375,0.99375,1.0,1.0,0.2715640875961981,0.925,0.9265246449456976,1.0,1.0,1.0,1.0
175,175,0.38909919974448715,0.95625,0.9563486416071804,0.99375,0.9937608695652174,1.0,1.0,0.2682016311169718,0.925,0.9265246449456976,1.0,1.0,1.0,1.0
176,176,0.326089306992435,0.93125,0.9308001251780919,1.0,1.0,1.0,1.0,0.29037910261104116,0.925,0.9265246449456976,1.0,1.0,1.0,1.0
177,177,0.2569953844693373,0.98125,0.9811517195690037,1.0,1.0,0.99375,0.9937492925863045,0.2938418398844078,0.925,0.9265246449456976,1.0,1.0,1.0,1.0
178,178,0.34838313338195803,0.95625,0.9560361681329423,1.0,1.0,0.99375,0.9937492925863045,0.32619536068377786,0.925,0.9265246449456976,1.0,1.0,1.0,1.0
179,179,0.3754539151702829,0.95,0.9500056260229133,1.0,1.0,0.99375,0.9937492925863045,0.3002389340188529,0.925,0.9265246449456976,1.0,1.0,1.0,1.0
180,180,0.36621283229446816,0.9375,0.9376134365546953,0.9875,0.987526455026455,0.9875,0.9875,0.2807776278757956,0.925,0.9265246449456976,1.0,1.0,1.0,1.0
181,181,0.367293621319277,0.925,0.9244457013574661,0.99375,0.9937781109445277,0.99375,0.9937492925863045,0.31073162841785235,0.925,0.9265246449456976,1.0,1.0,1.0,1.0
182,182,0.26370658289833954,0.95625,0.9562816724509412,0.99375,0.9937408424908425,1.0,1.0,0.2889026829659997,0.925,0.9265246449456976,1.0,1.0,1.0,1.0
183,183,0.20454302907419333,0.9625,0.9622997656465397,1.0,1.0,0.99375,0.9937492925863045,0.30771329296476324,0.925,0.9265246449456976,1.0,1.0,1.0,1.0
184,184,0.3386884097988968,0.96875,0.968994029903628,0.98125,0.9812608695652173,0.98125,0.9812478777589135,0.313616340423323,0.925,0.9265246449456976,1.0,1.0,1.0,1.0
185,185,0.20233673098175586,0.9625,0.9623314379504777,1.0,1.0,1.0,1.0,0.3086959646519972,0.925,0.9265246449456976,1.0,1.0,1.0,1.0
186,186,0.30385217615166765,0.95625,0.956328125,0.99375,0.9937579821200512,1.0,1.0,0.26251723896348267,0.925,0.9265246449456976,1.0,1.0,1.0,1.0
187,187,0.27323210852955526,0.96875,0.9686969134943819,1.0,1.0,0.99375,0.9937507385088031,0.2706744705697929,0.925,0.9265246449456976,1.0,1.0,1.0,1.0
188,188,0.21583975236380865,0.96875,0.9686394266228909,1.0,1.0,1.0,1.0,0.2685499109014927,0.925,0.9265246449456976,1.0,1.0,1.0,1.0
189,189,0.2879307641498599,0.95,0.9497993963016349,0.99375,0.9937608695652174,0.9875,0.9875,0.27368472012167333,0.925,0.9265246449456976,1.0,1.0,1.0,1.0
190,190,0.2489885979567589,0.9625,0.9622792205898284,1.0,1.0,1.0,1.0,0.29589865280941013,0.925,0.9265246449456976,1.0,1.0,1.0,1.0
191,191,0.3804915582541071,0.95625,0.9558757881462799,1.0,1.0,0.98125,0.9812492925863046,0.2918153159698704,0.925,0.9265246449456976,1.0,1.0,1.0,1.0
192,192,0.3726107246887295,0.95,0.9490901875901876,1.0,1.0,0.99375,0.9937492925863045,0.2914925025324919,0.925,0.9265246449456976,1.0,1.0,1.0,1.0
193,193,0.23043431509104267,0.95625,0.9559705029552804,0.99375,0.9937781320330081,1.0,1.0,0.2746310350848944,0.925,0.9265246449456976,1.0,1.0,1.0,1.0
194,194,0.28517630573164754,0.9625,0.9627351018670705,1.0,1.0,1.0,1.0,0.26879888331750407,0.925,0.9265246449456976,1.0,1.0,1.0,1.0
195,195,0.3204438816790571,0.925,0.9245515464838029,1.0,1.0,1.0,1.0,0.2829069876584981,0.925,0.9265246449456976,1.0,1.0,1.0,1.0
196,196,0.25840317104712085,0.95,0.9498066933066933,1.0,1.0,0.99375,0.993787562059054,0.28345901581196814,0.925,0.9265246449456976,1.0,1.0,1.0,1.0
197,197,0.30447874031224276,0.95625,0.9562815425315424,1.0,1.0,1.0,1.0,0.28834294448024594,0.925,0.9265246449456976,1.0,1.0,1.0,1.0
198,198,0.4321328792199893,0.9375,0.9377589179040793,1.0,1.0,0.98125,0.9812724646983313,0.3013046278298134,0.925,0.9265246449456976,1.0,1.0,1.0,1.0
199,199,0.32053655484196497,0.95,0.9503728693181819,1.0,1.0,0.9875,0.9874696995902295,0.3438296052001533,0.925,0.9265246449456976,1.0,1.0,1.0,1.0
200,200,0.29462469294685434,0.93125,0.9301451714224441,1.0,1.0,1.0,1.0,0.3179378213855671,0.925,0.9265246449456976,1.0,1.0,1.0,1.0
201,201,0.21889265037589212,0.95625,0.9562013905793574,1.0,1.0,1.0,1.0,0.2709018227309571,0.925,0.9265246449456976,1.0,1.0,1.0,1.0
202,202,0.40522002349782726,0.93125,0.9313723166116784,1.0,1.0,1.0,1.0,0.28378051111649255,0.925,0.9265246449456976,1.0,1.0,1.0,1.0
203,203,0.20198400214812864,0.96875,0.9682106455643741,0.99375,0.9937267008387698,1.0,1.0,0.26821870486674015,0.925,0.9265246449456976,1.0,1.0,1.0,1.0
204,204,0.3340641644327661,0.94375,0.9436352957435046,0.99375,0.9937267008387698,1.0,1.0,0.2908592678999412,0.925,0.9265246449456976,1.0,1.0,1.0,1.0
205,205,0.31267278677739796,0.93125,0.931313715104686,0.99375,0.9937186379928317,1.0,1.0,0.27669418377372496,0.925,0.9265246449456976,1.0,1.0,1.0,1.0
206,206,0.2200664199702828,0.9625,0.9627216176469556,1.0,1.0,0.9875,0.9875,0.26972149070788876,0.925,0.9265246449456976,1.0,1.0,1.0,1.0
207,207,0.48845431231366093,0.9375,0.9374538445775785,0.99375,0.9937812812812812,0.98125,0.9812724646983313,0.2777824786651763,0.925,0.9265246449456976,1.0,1.0,1.0,1.0
208,208,0.2924903080904414,0.9375,0.9375730215102107,1.0,1.0,1.0,1.0,0.2784905614076706,0.925,0.9265246449456976,1.0,1.0,1.0,1.0
209,209,0.21658686809541905,0.96875,0.9686688135867859,1.0,1.0,1.0,1.0,0.28545875535164666,0.925,0.9265246449456976,1.0,1.0,1.0,1.0
210,210,0.24259038815407621,0.9625,0.9626274009741751,0.99375,0.9937850631136044,1.0,1.0,0.28197205687065435,0.925,0.9265246449456976,1.0,1.0,1.0,1.0
211,211,0.320525295435823,0.93125,0.9312149618601232,1.0,1.0,0.99375,0.993787562059054,0.29079372127926034,0.925,0.9265246449456976,1.0,1.0,1.0,1.0
212,212,0.24356037852544432,0.95625,0.9563559453921373,0.99375,0.9937223695844386,1.0,1.0,0.28315063685149655,0.925,0.9265246449456976,1.0,1.0,1.0,1.0
213,213,0.21652929965104023,0.95625,0.95626137483011,1.0,1.0,1.0,1.0,0.2547759724147909,0.925,0.9265246449456976,1.0,1.0,1.0,1.0
214,214,0.13837645306859941,0.975,0.9750569833559843,1.0,1.0,1.0,1.0,0.2722665896042599,0.925,0.9265246449456976,1.0,1.0,1.0,1.0
215,215,0.20517973304984025,0.94375,0.9438888571138057,1.0,1.0,1.0,1.0,0.3460782053905859,0.925,0.9265246449456976,1.0,1.0,1.0,1.0
216,216,0.36145847009161114,0.9375,0.938330935298656,1.0,1.0,0.98125,0.9812218679669918,0.2949015914236952,0.925,0.9265246449456976,1.0,1.0,1.0,1.0
217,217,0.26405652999707174,0.95625,0.9561567716102365,0.99375,0.9937930663221362,1.0,1.0,0.3174621923797531,0.925,0.9265246449456976,1.0,1.0,1.0,1.0
218,218,0.27578979683744365,0.9375,0.9373663236481032,1.0,1.0,1.0,1.0,0.2805164195982798,0.925,0.9265246449456976,1.0,1.0,1.0,1.0
219,219,0.2364103552804977,0.95,0.9500217770034844,1.0,1.0,1.0,1.0,0.2682118117241771,0.925,0.9265246449456976,1.0,1.0,1.0,1.0
220,220,0.27144059184519165,0.95,0.9495000195049833,1.0,1.0,1.0,1.0,0.2608316521102097,0.925,0.9265246449456976,1.0,1.0,1.0,1.0
221,221,0.2772008286417531,0.96875,0.9686024693640094,1.0,1.0,0.9875,0.9875,0.25153142787967225,0.925,0.9265246449456976,1.0,1.0,1.0,1.0
222,222,0.19318588407290918,0.96875,0.968820593962999,0.99375,0.9937850631136044,0.99375,0.9937492925863045,0.2831537341244257,0.925,0.9265246449456976,1.0,1.0,1.0,1.0
223,223,0.2964360750326705,0.9375,0.937584259569037,1.0,1.0,0.99375,0.9937492925863045,0.2661588070317521,0.925,0.9265246449456976,1.0,1.0,1.0,1.0
224,224,0.1718081533050281,0.96875,0.9689404889030886,0.99375,0.9937301587301587,1.0,1.0,0.2530345927752933,0.925,0.9265246449456976,1.0,1.0,1.0,1.0
225,225,0.163374744344992,0.98125,0.9812188094323752,1.0,1.0,1.0,1.0,0.2601101203897997,0.925,0.9265246449456976,1.0,1.0,1.0,1.0
226,226,0.18437695240854737,0.975,0.9749248885442917,0.99375,0.9937258064516129,1.0,1.0,0.2588204266907269,0.925,0.9265246449456976,1.0,1.0,1.0,1.0
227,227,0.16436022540032127,0.96875,0.96875,1.0,1.0,1.0,1.0,0.31207442091690607,0.925,0.9265246449456976,1.0,1.0,1.0,1.0
228,228,0.25454868433198496,0.96875,0.9689181222320741,0.99375,0.9937608695652174,1.0,1.0,0.29398000132277957,0.925,0.9265246449456976,1.0,1.0,1.0,1.0
229,229,0.3718823814091593,0.96875,0.9689770030299361,1.0,1.0,0.9875,0.9875,0.2756808441779867,0.925,0.9265246449456976,1.0,1.0,1.0,1.0
230,230,0.236969360822377,0.98125,0.9812624671080554,1.0,1.0,1.0,1.0,0.2732096162242669,0.925,0.9265246449456976,1.0,1.0,1.0,1.0
231,231,0.3599861300672046,0.9375,0.9376077006812963,1.0,1.0,0.9875,0.9875,0.2807681510119437,0.925,0.9265246449456976,1.0,1.0,1.0,1.0
232,232,0.25794695473235835,0.925,0.9250123484093458,1.0,1.0,1.0,1.0,0.26926444825912765,0.925,0.9265246449456976,1.0,1.0,1.0,1.0
233,233,0.22631461144119386,0.9625,0.9624956651954604,0.99375,0.9937781109445277,1.0,1.0,0.2817905821735621,0.925,0.9265246449456976,1.0,1.0,1.0,1.0
234,234,0.24071102988773418,0.95,0.9494468872828801,0.99375,0.9937451737451738,1.0,1.0,0.25837193504194145,0.925,0.9265246449456976,1.0,1.0,1.0,1.0
235,235,0.2975069804619125,0.94375,0.9437672998108451,1.0,1.0,1.0,1.0,0.2638003322303121,0.925,0.9265246449456976,1.0,1.0,1.0,1.0
236,236,0.22504690055386617,0.9625,0.9624655152195981,1.0,1.0,1.0,1.0,0.267994014539363,0.925,0.9265246449456976,1.0,1.0,1.0,1.0
237,237,0.21129850542461098,0.9625,0.962712317319008,1.0,1.0,1.0,1.0,0.25046003798815947,0.925,0.9265246449456976,1.0,1.0,1.0,1.0
238,238,0.18617473412400615,0.98125,0.9811973787490704,0.99375,0.9937407407407408,0.99375,0.993789072268067,0.2569111745327973,0.925,0.9265246449456976,1.0,1.0,1.0,1.0
239,239,0.19068542858905174,0.98125,0.9811517195690037,1.0,1.0,0.99375,0.9937066752246471,0.29467691642857974,0.925,0.9265246449456976,1.0,1.0,1.0,1.0
240,240,0.18537249987201676,0.96875,0.9685089599364336,0.99375,0.9937579821200512,1.0,1.0,0.26473445899209763,0.925,0.9265246449456976,1.0,1.0,1.0,1.0
241,241,0.31748900236739247,0.91875,0.9186276512425383,1.0,1.0,1.0,1.0,0.2774614815509267,0.925,0.9265246449456976,1.0,1.0,1.0,1.0
242,242,0.2091582614237268,0.9625,0.962599225691308,1.0,1.0,1.0,1.0,0.2396255391453451,0.925,0.9265246449456976,1.0,1.0,1.0,1.0
243,243,0.3423834311789733,0.9375,0.9365870446021244,1.0,1.0,0.98125,0.9813626861771623,0.2490022141239024,0.925,0.9265246449456976,1.0,1.0,1.0,1.0
244,244,0.341478087010546,0.9625,0.9625518312516264,1.0,1.0,0.9875,0.9875,0.23419494264308013,0.925,0.9265246449456976,1.0,1.0,1.0,1.0
245,245,0.2449616885134674,0.96875,0.968842474658149,1.0,1.0,1.0,1.0,0.226735388524321,0.925,0.9265246449456976,1.0,1.0,1.0,1.0
246,246,0.26466126978141347,0.9625,0.9622698421473853,1.0,1.0,1.0,1.0,0.25865677739748205,0.925,0.9265246449456976,1.0,1.0,1.0,1.0
247,247,0.2605872243784688,0.9625,0.9625535540408958,0.99375,0.993776455026455,1.0,1.0,0.2550446114531951,0.925,0.9265246449456976,1.0,1.0,1.0,1.0
248,248,0.2466691086852279,0.94375,0.9435491451216398,1.0,1.0,1.0,1.0,0.2509095040401007,0.925,0.9265246449456976,1.0,1.0,1.0,1.0
249,249,0.13920531142418896,0.98125,0.9813461538461539,1.0,1.0,1.0,1.0,0.2534076084411936,0.925,0.9265246449456976,1.0,1.0,1.0,1.0
250,250,0.47393216947921246,0.94375,0.943984375,0.99375,0.9937781109445277,0.975,0.974955998906059,0.24526880953635555,0.925,0.9265246449456976,1.0,1.0,1.0,1.0
251,251,0.21479667551661805,0.95625,0.9561339458485201,0.99375,0.9937615207373272,1.0,1.0,0.24533340701600537,0.925,0.9265246449456976,1.0,1.0,1.0,1.0
252,252,0.35903384480243405,0.9375,0.9372745665246385,1.0,1.0,0.99375,0.9937492925863045,0.27187090030492983,0.925,0.9265246449456976,1.0,1.0,1.0,1.0
253,253,0.21401477875724595,0.95625,0.9561649659863946,1.0,1.0,0.99375,0.993787562059054,0.2470155096903909,0.925,0.9265246449456976,1.0,1.0,1.0,1.0
254,254,0.14673205213898655,0.9625,0.9626312954484245,1.0,1.0,1.0,1.0,0.2378102459893853,0.925,0.9265246449456976,1.0,1.0,1.0,1.0
255,255,0.19968595286622987,0.96875,0.9687925170068027,1.0,1.0,1.0,1.0,0.2710231283264875,0.925,0.9265246449456976,1.0,1.0,1.0,1.0
256,256,0.146026407798945,0.98125,0.9811649659863946,1.0,1.0,1.0,1.0,0.2469154547768994,0.925,0.9265246449456976,1.0,1.0,1.0,1.0
257,257,0.18991386730897375,0.95,0.9498471568114425,1.0,1.0,1.0,1.0,0.274032473414627,0.925,0.9265246449456976,1.0,1.0,1.0,1.0
258,258,0.14111234503741343,0.9625,0.9625010472683344,1.0,1.0,1.0,1.0,0.2591808159413631,0.925,0.9265246449456976,1.0,1.0,1.0,1.0
259,259,0.23894814936220427,0.95,0.950119251716026,0.99375,0.9937781320330081,0.99375,0.993787562059054,0.23838172110590677,0.925,0.9265246449456976,1.0,1.0,1.0,1.0
260,260,0.19901778172009016,0.95625,0.9565577575116068,1.0,1.0,1.0,1.0,0.24956183262329432,0.925,0.9265246449456976,1.0,1.0,1.0,1.0
261,261,0.1853153793832462,0.9625,0.9625427609568418,0.9875,0.9874627448006201,1.0,1.0,0.24976842763499008,0.925,0.9265246449456976,1.0,1.0,1.0,1.0
262,262,0.24511997084683798,0.9625,0.9622347654864223,1.0,1.0,1.0,1.0,0.250874984440452,0.925,0.9265246449456976,1.0,1.0,1.0,1.0
263,263,0.22733113335025337,0.95,0.9497983647857066,1.0,1.0,1.0,1.0,0.24069140462561336,0.925,0.9265246449456976,1.0,1.0,1.0,1.0
264,264,0.2507641971493172,0.975,0.9751425037229049,1.0,1.0,1.0,1.0,0.24969227991095977,0.925,0.9265246449456976,1.0,1.0,1.0,1.0
265,265,0.2564429379928015,0.9625,0.9623174768202587,1.0,1.0,0.9875,0.9875,0.28590474127413473,0.925,0.9265246449456976,1.0,1.0,1.0,1.0
266,266,0.22797756802591493,0.96875,0.9687641723356009,1.0,1.0,0.99375,0.9937492925863045,0.27972820616560057,0.925,0.9265246449456976,1.0,1.0,1.0,1.0
267,267,0.21032764943033727,0.9625,0.9624882372817,0.99375,0.9937781320330081,1.0,1.0,0.27739798813454397,0.925,0.9265246449456976,1.0,1.0,1.0,1.0
268,268,0.436719215986966,0.9625,0.9626537748491872,1.0,1.0,0.98125,0.9810556821227554,0.30324495883760394,0.925,0.9265246449456976,1.0,1.0,1.0,1.0
269,269,0.24564861875569477,0.9625,0.9625705939629989,0.99375,0.9937579821200512,1.0,1.0,0.28824195062043145,0.925,0.9265246449456976,1.0,1.0,1.0,1.0
270,270,0.2134641693976505,0.9625,0.9624871338962799,1.0,1.0,1.0,1.0,0.2398078430967871,0.925,0.9265246449456976,1.0,1.0,1.0,1.0
271,271,0.1412002475579584,0.975,0.9750838941089939,1.0,1.0,0.99375,0.993787562059054,0.2468826815866123,0.925,0.9265246449456976,1.0,1.0,1.0,1.0
272,272,0.19685966768406615,0.9625,0.9627160308991483,1.0,1.0,1.0,1.0,0.2504973757218977,0.925,0.9265246449456976,1.0,1.0,1.0,1.0
273,273,0.12839729048440632,0.99375,0.9937470386164415,0.99375,0.993719696969697,1.0,1.0,0.2604194337291119,0.925,0.9265246449456976,1.0,1.0,1.0,1.0
274,274,0.13066461989053552,0.98125,0.981352306547619,1.0,1.0,1.0,1.0,0.25932547439224435,0.925,0.9265246449456976,1.0,1.0,1.0,1.0
275,275,0.173451706021109,0.975,0.9749473787490703,0.99375,0.9937258064516129,1.0,1.0,0.2600564197784479,0.925,0.9265246449456976,1.0,1.0,1.0,1.0
276,276,0.21281837847529914,0.95,0.9498415298962357,1.0,1.0,1.0,1.0,0.2466492406245379,0.925,0.9265246449456976,1.0,1.0,1.0,1.0
277,277,0.15293173590525838,0.96875,0.9690683803981676,1.0,1.0,1.0,1.0,0.24493502182849625,0.925,0.9265246449456976,1.0,1.0,1.0,1.0
278,278,0.10320714420939225,0.98125,0.981225109835601,1.0,1.0,1.0,1.0,0.2530021986924112,0.925,0.9265246449456976,1.0,1.0,1.0,1.0
279,279,0.1490140609754235,0.96875,0.9689189657771747,1.0,1.0,1.0,1.0,0.25664670941841905,0.925,0.9265246449456976,1.0,1.0,1.0,1.0
280,280,0.15804257280151432,0.975,0.9749500137916091,0.9875,0.9874908424908424,1.0,1.0,0.2677476806496998,0.925,0.9265246449456976,1.0,1.0,1.0,1.0
281,281,0.21617329177462352,0.95625,0.9561209353203306,0.99375,0.9937451737451738,1.0,1.0,0.2394376638034373,0.925,0.9265246449456976,1.0,1.0,1.0,1.0
282,282,0.3497086392979554,0.95,0.9497437803036167,1.0,1.0,0.9875,0.9875,0.2847677025154553,0.925,0.9265246449456976,1.0,1.0,1.0,1.0
283,283,0.20187344216317343,0.9625,0.9624688011456628,1.0,1.0,1.0,1.0,0.2518665764204343,0.925,0.9265246449456976,1.0,1.0,1.0,1.0
284,284,0.15453475967341318,0.96875,0.968762498382314,1.0,1.0,1.0,1.0,0.2477435540942679,0.925,0.9265246449456976,1.0,1.0,1.0,1.0
285,285,0.16434616168636468,0.96875,0.9686492673992673,1.0,1.0,1.0,1.0,0.23377320635700016,0.925,0.9265246449456976,1.0,1.0,1.0,1.0
286,286,0.08678652021287121,0.9875,0.9874899537874221,0.99375,0.9937094594594594,1.0,1.0,0.25154371132557574,0.925,0.9265246449456976,1.0,1.0,1.0,1.0
287,287,0.18897085006997258,0.9625,0.9626671066436524,1.0,1.0,0.99375,0.9937492925863045,0.24223737301217624,0.925,0.9265246449456976,1.0,1.0,1.0,1.0
288,288,0.27154731538028615,0.95,0.9506759300065084,1.0,1.0,1.0,1.0,0.28767509124445495,0.925,0.9265246449456976,1.0,1.0,1.0,1.0
289,289,0.22281698352057333,0.94375,0.942880777550091,1.0,1.0,1.0,1.0,0.2614742938829295,0.925,0.9265246449456976,1.0,1.0,1.0,1.0
290,290,0.12831151534626883,0.975,0.9749176765494433,1.0,1.0,1.0,1.0,0.22472267038210703,0.925,0.9265246449456976,1.0,1.0,1.0,1.0
291,291,0.21239575140544958,0.96875,0.9688812954484245,1.0,1.0,1.0,1.0,0.2283943585369343,0.925,0.9265246449456976,1.0,1.0,1.0,1.0
292,292,0.2276804732227788,0.9625,0.9623229166666667,0.99375,0.9937615207373272,1.0,1.0,0.23794614736834774,0.925,0.9265246449456976,1.0,1.0,1.0,1.0
293,293,0.11952174276813707,0.98125,0.9811538461538462,1.0,1.0,1.0,1.0,0.23457679544480925,0.925,0.9265246449456976,1.0,1.0,1.0,1.0
294,294,0.1301054597671964,0.9875,0.9875585699023199,1.0,1.0,1.0,1.0,0.22127326536046893,0.925,0.9265246449456976,1.0,1.0,1.0,1.0
295,295,0.2205285925618,0.9375,0.9378878083491461,1.0,1.0,1.0,1.0,0.22290276299536343,0.925,0.9265246449456976,1.0,1.0,1.0,1.0
296,296,0.25277456023527806,0.96875,0.9686478322672354,1.0,1.0,1.0,1.0,0.21478259589202936,0.925,0.9265246449456976,1.0,1.0,1.0,1.0
297,297,0.16834744960162878,0.9875,0.9875416837152209,0.99375,0.9937369383490072,1.0,1.0,0.21499490212190722,0.925,0.9265246449456976,1.0,1.0,1.0,1.0
298,298,0.35380326290371045,0.95625,0.9562538322120492,1.0,1.0,0.99375,0.9937492925863045,0.21319576149580827,0.925,0.9265246449456976,1.0,1.0,1.0,1.0
299,299,0.11980473598550531,0.975,0.9752935769095561,1.0,1.0,1.0,1.0,0.22072582291857543,0.925,0.9265246449456976,1.0,1.0,1.0,1.0
300,300,0.24233660888895656,0.96875,0.9686850325538823,0.99375,0.9937930663221362,0.99375,0.9937081211471457,0.23446858516545036,0.925,0.9265246449456976,1.0,1.0,1.0,1.0
301,301,0.26936230809437234,0.94375,0.9442026249024199,1.0,1.0,1.0,1.0,0.25210824995738224,0.925,0.9265246449456976,1.0,1.0,1.0,1.0
302,302,0.21011525067655726,0.975,0.9748284913882548,1.0,1.0,0.99375,0.993787562059054,0.27115595228333406,0.925,0.9265246449456976,1.0,1.0,1.0,1.0
303,303,0.3667869771548908,0.9625,0.9622071914947974,1.0,1.0,0.975,0.974888451625206,0.2313839188336715,0.925,0.9265246449456976,1.0,1.0,1.0,1.0
304,304,0.15986349109104764,0.975,0.974918018489447,1.0,1.0,1.0,1.0,0.22429055533339123,0.925,0.9265246449456976,1.0,1.0,1.0,1.0
305,305,0.3184881930836667,0.975,0.9750231910946197,1.0,1.0,0.9875,0.9875,0.24249437843482155,0.925,0.9265246449456976,1.0,1.0,1.0,1.0
306,306,0.31327683025606345,0.95,0.9500312471280212,0.99375,0.9937781109445277,0.99375,0.9937492925863045,0.2349990322079975,0.925,0.9265246449456976,1.0,1.0,1.0,1.0
307,307,0.17777780251309422,0.96875,0.9685467608388475,1.0,1.0,0.99375,0.9937492925863045,0.23394823528433334,0.925,0.9265246449456976,1.0,1.0,1.0,1.0
308,308,0.12243353233210427,0.975,0.9747687227806756,1.0,1.0,1.0,1.0,0.23749180549621088,0.925,0.9265246449456976,1.0,1.0,1.0,1.0
309,309,0.40582305260512613,0.95625,0.9564860602360602,1.0,1.0,0.96875,0.9687478777589135,0.23000578110550124,0.925,0.9265246449456976,1.0,1.0,1.0,1.0
310,310,0.14219870204435664,0.975,0.9752983510612557,1.0,1.0,1.0,1.0,0.23024169990876545,0.925,0.9265246449456976,1.0,1.0,1.0,1.0
311,311,0.14229416099062178,0.96875,0.9687641723356009,1.0,1.0,1.0,1.0,0.22498011825136927,0.925,0.9265246449456976,1.0,1.0,1.0,1.0
312,312,0.22336134830009086,0.95625,0.9557567373364627,1.0,1.0,1.0,1.0,0.2604899879846926,0.925,0.9265246449456976,1.0,1.0,1.0,1.0
313,313,0.19740429752430372,0.975,0.975014172335601,1.0,1.0,1.0,1.0,0.29339854036406904,0.925,0.9265246449456976,1.0,1.0,1.0,1.0
314,314,0.165205202858499,0.9625,0.9622871949463411,1.0,1.0,1.0,1.0,0.2291711977808518,0.925,0.9265246449456976,1.0,1.0,1.0,1.0
315,315,0.23845621308020098,0.95625,0.9560829298203289,0.9875,0.9874420665541355,1.0,1.0,0.2310250488055317,0.925,0.9265246449456976,1.0,1.0,1.0,1.0
316,316,0.09727463646072465,0.98125,0.9811564761056664,1.0,1.0,1.0,1.0,0.2336953662275846,0.925,0.9265246449456976,1.0,1.0,1.0,1.0
317,317,0.17199510594919615,0.98125,0.9812641723356009,1.0,1.0,1.0,1.0,0.2353419997905803,0.925,0.9265246449456976,1.0,1.0,1.0,1.0
318,318,0.24915097972202319,0.95625,0.9561784427114727,1.0,1.0,0.99375,0.993787562059054,0.22609660314074062,0.925,0.9265246449456976,1.0,1.0,1.0,1.0
319,319,0.1267378684304731,0.9625,0.9625905951396483,1.0,1.0,1.0,1.0,0.22466821078960492,0.925,0.9265246449456976,1.0,1.0,1.0,1.0
320,320,0.2404399875036006,0.95,0.9498060766078185,1.0,1.0,1.0,1.0,0.2208268682106791,0.925,0.9265246449456976,1.0,1.0,1.0,1.0
321,321,0.15740367203377445,0.975,0.9748055657228498,1.0,1.0,0.99375,0.9937507385088031,0.2235387057851767,0.925,0.9265246449456976,1.0,1.0,1.0,1.0
322,322,0.13098315608903022,0.96875,0.9687641723356009,1.0,1.0,1.0,1.0,0.23076716615505574,0.925,0.9265246449456976,1.0,1.0,1.0,1.0
323,323,0.18270050114043102,0.96875,0.9686471075031525,1.0,1.0,1.0,1.0,0.23817285385248396,0.925,0.9265246449456976,1.0,1.0,1.0,1.0
324,324,0.13771907651636184,0.98125,0.9811517195690037,1.0,1.0,0.99375,0.993787562059054,0.22932966140042482,0.925,0.9265246449456976,1.0,1.0,1.0,1.0
325,325,0.1623984755086781,0.95625,0.9563005492332035,1.0,1.0,1.0,1.0,0.23255242067225482,0.925,0.9265246449456976,1.0,1.0,1.0,1.0
326,326,0.12350254468758522,0.98125,0.981132984618039,1.0,1.0,1.0,1.0,0.2294465393610153,0.925,0.9265246449456976,1.0,1.0,1.0,1.0
327,327,0.1956693311785614,0.9625,0.9625961538461538,0.99375,0.9937781109445277,1.0,1.0,0.22528510483225545,0.925,0.9265246449456976,1.0,1.0,1.0,1.0
328,328,0.0933937616530784,0.9875,0.9875056523745492,1.0,1.0,1.0,1.0,0.21556610047509822,0.925,0.9265246449456976,1.0,1.0,1.0,1.0
329,329,0.31988449842467614,0.96875,0.9689023199023199,1.0,1.0,0.9875,0.9875,0.22033128212224257,0.925,0.9265246449456976,1.0,1.0,1.0,1.0
330,330,0.13965420715471738,0.975,0.9750847662985999,1.0,1.0,1.0,1.0,0.23215228831541027,0.925,0.9245099929310456,1.0,1.0,1.0,1.0
331,331,0.1814359163361104,0.98125,0.9813227422379208,1.0,1.0,1.0,1.0,0.21489455283990538,0.925,0.9265246449456976,1.0,1.0,1.0,1.0
332,332,0.1742146910140832,0.95625,0.956114736452454,1.0,1.0,1.0,1.0,0.21461245432055875,0.925,0.9265246449456976,1.0,1.0,1.0,1.0
333,333,0.165967384025339,0.96875,0.9689845816798941,1.0,1.0,1.0,1.0,0.20785757791572906,0.925,0.9265246449456976,1.0,1.0,1.0,1.0
334,334,0.08239349354154228,0.99375,0.9937560573754602,1.0,1.0,1.0,1.0,0.2131301853205514,0.925,0.9265246449456976,1.0,1.0,1.0,1.0
335,335,0.10503948774015157,0.98125,0.9811517195690037,1.0,1.0,1.0,1.0,0.29041273925950006,0.95,0.9510346378767431,1.0,1.0,1.0,1.0
336,336,0.20598768788333927,0.95625,0.9560705137179168,1.0,1.0,1.0,1.0,0.2185660637896035,0.925,0.9265246449456976,1.0,1.0,1.0,1.0
337,337,0.12388090135484901,0.98125,0.9812399537874221,1.0,1.0,1.0,1.0,0.21333483501393857,0.925,0.9245099929310456,1.0,1.0,1.0,1.0
338,338,0.1300556756768188,0.9875,0.9875585699023199,1.0,1.0,1.0,1.0,0.20436368201153526,0.925,0.9265246449456976,1.0,1.0,1.0,1.0
339,339,0.2067538314432909,0.9625,0.9629124032295323,1.0,1.0,0.99375,0.9937492925863045,0.262718042871802,0.95,0.9510346378767431,1.0,1.0,1.0,1.0
340,340,0.18635582280912216,0.9625,0.9625145180023228,1.0,1.0,1.0,1.0,0.2233401251702162,0.925,0.9265246449456976,1.0,1.0,1.0,1.0
341,341,0.24709675681035606,0.975,0.9746914929076702,1.0,1.0,0.99375,0.993787562059054,0.20963935341987963,0.925,0.9265246449456976,1.0,1.0,1.0,1.0
342,342,0.21327953623496682,0.98125,0.9812731910946196,1.0,1.0,0.99375,0.9937081211471457,0.21186833555748308,0.925,0.9265246449456976,1.0,1.0,1.0,1.0
343,343,0.09251936313950182,0.99375,0.9937560573754602,1.0,1.0,1.0,1.0,0.21157059542365458,0.925,0.9265246449456976,1.0,1.0,1.0,1.0
344,344,0.11506733083190283,0.98125,0.9811492673992674,0.99375,0.9937301587301587,1.0,1.0,0.21924397938073525,0.925,0.9265246449456976,1.0,1.0,1.0,1.0
345,345,0.12850812721100055,0.9625,0.9624593635531135,1.0,1.0,1.0,1.0,0.218206114458917,0.925,0.9265246449456976,1.0,1.0,1.0,1.0
346,346,0.16830372065747384,0.975,0.975,0.99375,0.9937781109445277,1.0,1.0,0.22750449280883914,0.925,0.9265246449456976,1.0,1.0,1.0,1.0
347,347,0.2432539703689372,0.9625,0.9626964074636947,1.0,1.0,0.9875,0.9874574137334502,0.21270497354853432,0.925,0.9265246449456976,1.0,1.0,1.0,1.0
348,348,0.10338877581426686,0.975,0.9752148199023198,1.0,1.0,1.0,1.0,0.20926341856556974,0.925,0.9265246449456976,1.0,1.0,1.0,1.0
349,349,0.2433565278072308,0.95625,0.9562694597069596,1.0,1.0,0.99375,0.9937492925863045,0.2392990574844589,0.925,0.9245099929310456,1.0,1.0,1.0,1.0
350,350,0.20671279891015787,0.98125,0.9809403438215358,0.99375,0.9937930663221362,0.99375,0.993787562059054,0.23246970704258274,0.95,0.9510346378767431,1.0,1.0,1.0,1.0
351,351,0.13119063853600893,0.96875,0.9689449289075286,1.0,1.0,1.0,1.0,0.2098039368247555,0.925,0.9245099929310456,1.0,1.0,1.0,1.0
352,352,0.21630787197547646,0.95625,0.9569027434161835,1.0,1.0,1.0,1.0,0.22077875914583273,0.925,0.9245099929310456,1.0,1.0,1.0,1.0
353,353,0.11626290651423687,0.9875,0.9875585699023199,0.99375,0.993776455026455,1.0,1.0,0.2228400449383116,0.925,0.9245099929310456,1.0,1.0,1.0,1.0
354,354,0.14281728940158586,0.975,0.9749459436170383,1.0,1.0,1.0,1.0,0.23745186006653968,0.95,0.9510346378767431,1.0,1.0,1.0,1.0
355,355,0.18068617119868122,0.96875,0.9682780091931878,1.0,1.0,1.0,1.0,0.21403457289388825,0.925,0.9245099929310456,1.0,1.0,1.0,1.0
356,356,0.1313457507067369,0.96875,0.9686365109568417,1.0,1.0,1.0,1.0,0.23444590187336872,0.95,0.9510346378767431,1.0,1.0,1.0,1.0
357,357,0.17748397048252967,0.96875,0.9686241818377475,1.0,1.0,1.0,1.0,0.21596618850880986,0.95,0.9510346378767431,1.0,1.0,1.0,1.0
358,358,0.10433591942929751,0.975,0.974824155943559,1.0,1.0,1.0,1.0,0.2144425753154792,0.95,0.9510346378767431,1.0,1.0,1.0,1.0
359,359,0.14808427583027992,0.98125,0.9812046370967742,1.0,1.0,1.0,1.0,0.21771092300023157,0.95,0.9510346378767431,1.0,1.0,1.0,1.0
360,360,0.09253767849325527,0.99375,0.9937641723356009,1.0,1.0,1.0,1.0,0.2207927673491213,0.925,0.9245099929310456,1.0,1.0,1.0,1.0
361,361,0.12210783645766128,0.98125,0.9812612109520424,0.99375,0.9937781320330081,1.0,1.0,0.23314225593931043,0.925,0.9265246449456976,1.0,1.0,1.0,1.0
362,362,0.12230670726496555,0.975,0.97505856990232,1.0,1.0,1.0,1.0,0.24490248047750357,0.925,0.9265246449456976,1.0,1.0,1.0,1.0
363,363,0.2435211061322093,0.95,0.9503725225935916,0.99375,0.9937369383490072,1.0,1.0,0.2262193333976029,0.95,0.9510346378767431,1.0,1.0,1.0,1.0
364,364,0.22420059659760766,0.95,0.9499489019369804,1.0,1.0,1.0,1.0,0.23167559097801133,0.925,0.9245099929310456,1.0,1.0,1.0,1.0
365,365,0.5065070544332343,0.96875,0.9685898545306861,1.0,1.0,0.9625,0.9626105639360756,0.26299210374390897,0.95,0.9510346378767431,1.0,1.0,1.0,1.0
366,366,0.19421942138045836,0.95625,0.9563601061621094,1.0,1.0,1.0,1.0,0.22315025405923733,0.95,0.9510346378767431,1.0,1.0,1.0,1.0
367,367,0.16714013917727472,0.975,0.9749914800389483,1.0,1.0,1.0,1.0,0.2238597635782753,0.925,0.9265246449456976,1.0,1.0,1.0,1.0
368,368,0.06961598920231324,0.98125,0.9811360209818766,1.0,1.0,1.0,1.0,0.22393496348231565,0.925,0.9245099929310456,1.0,1.0,1.0,1.0
369,369,0.17074434886039286,0.96875,0.968713699773895,1.0,1.0,1.0,1.0,0.2129220655089739,0.95,0.9510346378767431,1.0,1.0,1.0,1.0
370,370,0.08536943717747078,0.9875,0.9875141723356009,1.0,1.0,1.0,1.0,0.21436826452672902,0.925,0.9245099929310456,1.0,1.0,1.0,1.0
371,371,0.252409250867661,0.95625,0.9561047138440756,1.0,1.0,1.0,1.0,0.22482704405929327,0.925,0.9245099929310456,1.0,1.0,1.0,1.0
372,372,0.13151068478588854,0.98125,0.9811564937207031,1.0,1.0,1.0,1.0,0.2276798207963111,0.925,0.9245099929310456,1.0,1.0,1.0,1.0
373,373,0.21401129932272908,0.95625,0.9553642562794348,1.0,1.0,1.0,1.0,0.2393952676601657,0.95,0.9510346378767431,1.0,1.0,1.0,1.0
374,374,0.20322891415498817,0.95625,0.9562839012957097,1.0,1.0,1.0,1.0,0.23562846448621713,0.95,0.9510346378767431,1.0,1.0,1.0,1.0
375,375,0.12155984563456457,0.975,0.9747086266268294,1.0,1.0,1.0,1.0,0.23189042708545457,0.925,0.9245099929310456,1.0,1.0,1.0,1.0
376,376,0.12117652698756842,0.9625,0.9622693639485304,1.0,1.0,1.0,1.0,0.2253312142743198,0.95,0.9510346378767431,1.0,1.0,1.0,1.0
377,377,0.08145131633837081,0.9875,0.9875056523745492,1.0,1.0,1.0,1.0,0.261619419856288,0.95,0.9510346378767431,1.0,1.0,1.0,1.0
378,378,0.14160585070068804,0.99375,0.9937641723356009,0.99375,0.9938131951466127,0.99375,0.9937492925863045,0.22410185930566512,0.925,0.9245099929310456,1.0,1.0,1.0,1.0
379,379,0.08566675257997644,0.975,0.9750847662985999,1.0,1.0,1.0,1.0,0.21706151612324903,0.925,0.9245099929310456,1.0,1.0,1.0,1.0
380,380,0.1191949126200484,0.975,0.9750791199572942,1.0,1.0,1.0,1.0,0.22980856144686185,0.925,0.9245099929310456,1.0,1.0,1.0,1.0
381,381,0.15608838227408697,0.975,0.9748180890039213,1.0,1.0,1.0,1.0,0.22411387275296873,0.925,0.9245099929310456,1.0,1.0,1.0,1.0
382,382,0.07256122416708592,0.9875,0.9874815875613748,1.0,1.0,1.0,1.0,0.22391979796821032,0.925,0.9245099929310456,1.0,1.0,1.0,1.0
383,383,0.18026533395988906,0.98125,0.9812046370967742,1.0,1.0,0.98125,0.9812218679669918,0.23421773884274444,0.95,0.9510346378767431,1.0,1.0,1.0,1.0
384,384,0.18375616577036738,0.9625,0.9626140873015873,1.0,1.0,1.0,1.0,0.24597024774029705,0.95,0.9510346378767431,1.0,1.0,1.0,1.0
385,385,0.10232933830887134,0.98125,0.9812369924038638,1.0,1.0,1.0,1.0,0.23531326335478298,0.95,0.9510346378767431,1.0,1.0,1.0,1.0
386,386,0.11844070988330486,0.98125,0.9812215413487969,1.0,1.0,1.0,1.0,0.2138855148505172,0.95,0.9510346378767431,1.0,1.0,1.0,1.0
387,387,0.2365958213539386,0.9625,0.9623894061032396,1.0,1.0,0.99375,0.993787562059054,0.22982374779039674,0.95,0.9510346378767431,1.0,1.0,1.0,1.0
388,388,0.08448128066029312,0.98125,0.981194417365512,1.0,1.0,1.0,1.0,0.22794686160123093,0.95,0.9510346378767431,1.0,1.0,1.0,1.0
389,389,0.14703925418270386,0.98125,0.9812109375,0.99375,0.9937301587301587,1.0,1.0,0.2120669500251097,0.95,0.9510346378767431,1.0,1.0,1.0,1.0
390,390,0.19468685317631867,0.95625,0.9557619311114871,1.0,1.0,1.0,1.0,0.23252295413349203,0.925,0.9265246449456976,1.0,1.0,1.0,1.0
391,391,0.19042762260418158,0.95625,0.9562346400644273,0.99375,0.9937812812812812,1.0,1.0,0.22477580088761898,0.925,0.9245099929310456,1.0,1.0,1.0,1.0
392,392,0.14329456616069364,0.975,0.9751999389499388,1.0,1.0,1.0,1.0,0.22764957667832278,0.95,0.9510346378767431,1.0,1.0,1.0,1.0
393,393,0.11048539552060391,0.98125,0.9812315875613749,1.0,1.0,1.0,1.0,0.2309121651353962,0.95,0.9510346378767431,1.0,1.0,1.0,1.0
394,394,0.10518972491515229,0.975,0.975070593962999,1.0,1.0,0.99375,0.993787562059054,0.24686706352981674,0.95,0.9510346378767431,1.0,1.0,1.0,1.0
395,395,0.2799782105873305,0.9625,0.9624698613622664,1.0,1.0,1.0,1.0,0.21034123775907573,0.925,0.9260346378767432,1.0,1.0,1.0,1.0
396,396,0.13708583084334833,0.96875,0.9689123539711243,0.99375,0.9936944444444444,1.0,1.0,0.20827558721694003,0.95,0.9510346378767431,1.0,1.0,1.0,1.0
397,397,0.23272665136748572,0.9375,0.9375294380391589,1.0,1.0,1.0,1.0,0.19204353061645635,0.95,0.9510346378767431,1.0,1.0,1.0,1.0
398,398,0.18173815495481166,0.95625,0.9564782812766683,1.0,1.0,1.0,1.0,0.19002482437072105,0.95,0.9510346378767431,1.0,1.0,1.0,1.0
399,399,0.12712548568892998,0.9625,0.9627112567474487,1.0,1.0,1.0,1.0,0.2118456042791877,0.925,0.9260346378767432,1.0,1.0,1.0,1.0
400,400,0.46703604269791865,0.9625,0.9625734360114322,1.0,1.0,0.975,0.9749978777589134,0.18958542026102804,0.95,0.9510346378767431,1.0,1.0,1.0,1.0
401,401,0.12338054814523503,0.9875,0.9875585699023199,1.0,1.0,1.0,1.0,0.1951391717028855,0.95,0.9510346378767431,1.0,1.0,1.0,1.0
402,402,0.21583020970452083,0.96875,0.9687369012843696,0.99375,0.9937258064516129,1.0,1.0,0.21804066403092293,0.95,0.9510346378767431,1.0,1.0,1.0,1.0
403,403,0.12714156641392832,0.975,0.9748711770300552,1.0,1.0,1.0,1.0,0.23657461645416333,0.925,0.9245099929310456,1.0,1.0,1.0,1.0
404,404,0.06506457821397191,0.9875,0.9874017195690037,1.0,1.0,1.0,1.0,0.22624153873666727,0.925,0.9245099929310456,1.0,1.0,1.0,1.0
405,405,0.16180998611735048,0.975,0.97505856990232,1.0,1.0,1.0,1.0,0.22249835292141143,0.925,0.9245099929310456,1.0,1.0,1.0,1.0
406,406,0.07901738553264295,0.9875,0.987504126123023,1.0,1.0,1.0,1.0,0.2393474149243957,0.925,0.9245099929310456,1.0,1.0,1.0,1.0
407,407,0.1364457683359646,0.96875,0.9686361566484518,1.0,1.0,1.0,1.0,0.20977917393065582,0.95,0.9510346378767431,1.0,1.0,1.0,1.0
408,408,0.1979352737654949,0.9625,0.9622158119658119,1.0,1.0,1.0,1.0,0.2093197855388098,0.95,0.9510346378767431,1.0,1.0,1.0,1.0
409,409,0.11888421382464145,0.975,0.9752556066600206,1.0,1.0,1.0,1.0,0.2078067702971566,0.95,0.9510346378767431,1.0,1.0,1.0,1.0
410,410,0.13395581359361586,0.96875,0.9688322011620883,1.0,1.0,1.0,1.0,0.21831526526284506,0.95,0.9510346378767431,1.0,1.0,1.0,1.0
411,411,0.12891862437812449,0.9875,0.9875585699023199,1.0,1.0,1.0,1.0,0.22651512958514103,0.925,0.9245099929310456,1.0,1.0,1.0,1.0
412,412,0.09525733345767833,0.98125,0.9812612109520424,1.0,1.0,1.0,1.0,0.20349658023064876,0.95,0.9510346378767431,1.0,1.0,1.0,1.0
413,413,0.09117277843764811,0.98125,0.9813021815243739,1.0,1.0,1.0,1.0,0.21120011227094437,0.95,0.9510346378767431,1.0,1.0,1.0,1.0
414,414,0.11591366424728448,0.96875,0.9687355599493935,1.0,1.0,1.0,1.0,0.22328736198737714,0.925,0.9245099929310456,1.0,1.0,1.0,1.0
415,415,0.1354921464561613,0.96875,0.9690064178587068,1.0,1.0,1.0,1.0,0.22606632254355646,0.925,0.9245099929310456,1.0,1.0,1.0,1.0
416,416,0.09872324603886966,0.975,0.974982210626186,1.0,1.0,1.0,1.0,0.22013131603962394,0.925,0.9245099929310456,1.0,1.0,1.0,1.0
417,417,0.10660883857771282,0.96875,0.9688190677114727,1.0,1.0,1.0,1.0,0.2316817819958487,0.95,0.9510346378767431,1.0,1.0,1.0,1.0
418,418,0.12672901001251943,0.975,0.9748711770300552,1.0,1.0,1.0,1.0,0.23918289218404426,0.95,0.9510346378767431,1.0,1.0,1.0,1.0
419,419,0.47713551746071375,0.96875,0.968844325487632,1.0,1.0,0.99375,0.9937492925863045,0.27574786785171457,0.95,0.9510346378767431,1.0,1.0,1.0,1.0
420,420,0.12028589150964919,0.975,0.9750690677114727,1.0,1.0,1.0,1.0,0.20153805882168854,0.95,0.9510346378767431,1.0,1.0,1.0,1.0
421,421,0.13767460558581207,0.96875,0.9687724775224776,0.99375,0.9937579821200512,1.0,1.0,0.20873899938992507,0.95,0.9510346378767431,1.0,1.0,1.0,1.0
422,422,0.0819176160885732,0.9875,0.9875112109520424,1.0,1.0,1.0,1.0,0.1995058518145015,0.925,0.9245099929310456,1.0,1.0,1.0,1.0
423,423,0.08227123031447263,0.9875,0.9875401574636946,1.0,1.0,1.0,1.0,0.21182030437603316,0.95,0.9510346378767431,1.0,1.0,1.0,1.0
424,424,0.23247942794723714,0.9625,0.9620776643990929,1.0,1.0,0.99375,0.993787562059054,0.1999459351020505,0.95,0.9510346378767431,1.0,1.0,1.0,1.0
425,425,0.05671489099219116,0.99375,0.9937399537874221,1.0,1.0,1.0,1.0,0.2167733966366086,0.925,0.9245099929310456,1.0,1.0,1.0,1.0
426,426,0.14222542703388258,0.975,0.9748355762172742,1.0,1.0,0.9875,0.9875,0.2112557991493304,0.95,0.9510346378767431,1.0,1.0,1.0,1.0
427,427,0.27526089762783384,0.975,0.9749914800389483,0.99375,0.9937019969278034,0.99375,0.9937081211471457,0.19992589086632506,0.95,0.9510346378767431,1.0,1.0,1.0,1.0
428,428,0.08136234215552349,0.9875,0.987504126123023,0.99375,0.9937223695844384,1.0,1.0,0.1971022626163176,0.95,0.9510346378767431,1.0,1.0,1.0,1.0
429,429,0.10184127519281674,0.975,0.9750515873015873,1.0,1.0,1.0,1.0,0.20736722786341488,0.95,0.9510346378767431,1.0,1.0,1.0,1.0
430,430,0.11142881307778225,0.9875,0.987504126123023,1.0,1.0,1.0,1.0,0.25380674726720825,0.95,0.9510346378767431,1.0,1.0,1.0,1.0
431,431,0.10440123075186988,0.98125,0.9813816771434312,1.0,1.0,1.0,1.0,0.21126244719716852,0.95,0.9510346378767431,1.0,1.0,1.0,1.0
432,432,0.18149552433368257,0.9625,0.9625258530831686,1.0,1.0,1.0,1.0,0.22012202112791784,0.925,0.9245099929310456,1.0,1.0,1.0,1.0
433,433,0.1236305984427645,0.96875,0.9686695447409732,1.0,1.0,1.0,1.0,0.23984017802386007,0.95,0.9510346378767431,1.0,1.0,1.0,1.0
434,434,0.06467736525355292,0.975,0.9749516757132157,1.0,1.0,1.0,1.0,0.2521637733760144,0.95,0.9510346378767431,1.0,1.0,1.0,1.0
435,435,0.16965325760316433,0.975,0.9748602048992673,0.99375,0.9937615207373272,0.99375,0.9937081211471457,0.21208207099771242,0.975,0.9753036437246964,1.0,1.0,1.0,1.0
436,436,0.10667480367460484,0.9875,0.9875401574636946,1.0,1.0,1.0,1.0,0.20026843562172872,0.925,0.9245099929310456,1.0,1.0,1.0,1.0
437,437,0.13297604485885586,0.975,0.9749546370967742,1.0,1.0,1.0,1.0,0.19220479215273373,0.975,0.9753036437246964,1.0,1.0,1.0,1.0
438,438,0.3070950496451957,0.96875,0.968762498382314,1.0,1.0,0.99375,0.993787562059054,0.18898582559659188,0.975,0.9753036437246964,1.0,1.0,1.0,1.0
439,439,0.16488751043400499,0.9875,0.9875216648430933,1.0,1.0,0.9875,0.9875,0.18177384256077858,0.95,0.9510346378767431,1.0,1.0,1.0,1.0
440,440,0.17915296254699342,0.95625,0.9561602682317967,1.0,1.0,1.0,1.0,0.1990661757828093,0.95,0.9510346378767431,1.0,1.0,1.0,1.0
441,441,0.12423413357254845,0.98125,0.9812046370967742,0.99375,0.9937615207373272,1.0,1.0,0.18858009387386118,0.95,0.9510346378767431,1.0,1.0,1.0,1.0
442,442,0.08250181900347683,0.9875,0.9875056523745492,1.0,1.0,1.0,1.0,0.2028008315444822,0.95,0.9510346378767431,1.0,1.0,1.0,1.0
443,443,0.12220442161620326,0.975,0.9750690677114727,1.0,1.0,1.0,1.0,0.2182891747001122,0.95,0.9510346378767431,1.0,1.0,1.0,1.0
444,444,0.1407322872820032,0.98125,0.9812641723356009,1.0,1.0,1.0,1.0,0.2213547992574604,0.95,0.9510346378767431,1.0,1.0,1.0,1.0
445,445,0.2932579951585666,0.98125,0.9809932613493064,1.0,1.0,0.99375,0.993787562059054,0.2071120209304354,0.95,0.9510346378767431,1.0,1.0,1.0,1.0
446,446,0.07639944665650092,0.9875,0.9874017195690037,1.0,1.0,1.0,1.0,0.21709046849427976,0.95,0.9510346378767431,1.0,1.0,1.0,1.0
447,447,0.07832925939877669,0.9875,0.9876007326007326,0.99375,0.9936944444444444,1.0,1.0,0.20757422783253787,0.95,0.9510346378767431,1.0,1.0,1.0,1.0
448,448,0.07162230339102393,0.9875,0.9875141723356009,1.0,1.0,1.0,1.0,0.20844495018936868,0.95,0.9510346378767431,1.0,1.0,1.0,1.0
449,449,0.06632206743349797,0.9875,0.9874715413487969,0.99375,0.99375,1.0,1.0,0.20026211367439828,0.95,0.9510346378767431,1.0,1.0,1.0,1.0
450,450,0.07268132402181778,0.98125,0.9811517195690037,1.0,1.0,1.0,1.0,0.21964429370364086,0.95,0.9510346378767431,1.0,1.0,1.0,1.0
451,451,0.06569345163885601,0.9875,0.9875585699023199,1.0,1.0,1.0,1.0,0.21314375586598544,0.95,0.9510346378767431,1.0,1.0,1.0,1.0
452,452,0.2508929224050121,0.96875,0.9685292205898284,1.0,1.0,0.9875,0.9874574137334502,0.18677009114217072,0.95,0.9510346378767431,1.0,1.0,1.0,1.0
453,453,0.24600841347936467,0.95,0.9502072475495573,1.0,1.0,0.99375,0.9937492925863045,0.20308870174458207,0.95,0.9510346378767431,1.0,1.0,1.0,1.0
454,454,0.1300816453253674,0.975,0.9749863893929854,1.0,1.0,0.99375,0.9937492925863045,0.19989319507149048,0.95,0.9510346378767431,1.0,1.0,1.0,1.0
455,455,0.08697084014278858,0.99375,0.9937230676003231,1.0,1.0,1.0,1.0,0.185530503109203,0.95,0.9510346378767431,1.0,1.0,1.0,1.0
456,456,0.1221022081515514,0.975,0.9749651349059271,1.0,1.0,1.0,1.0,0.18710228937170542,0.95,0.9510346378767431,1.0,1.0,1.0,1.0
457,457,0.08715822907639677,0.98125,0.9813021815243739,1.0,1.0,1.0,1.0,0.2044780915017327,0.95,0.9510346378767431,1.0,1.0,1.0,1.0
458,458,0.09441748729551022,0.9875,0.9875585699023199,1.0,1.0,1.0,1.0,0.23993121275052545,0.95,0.9510346378767431,1.0,1.0,1.0,1.0
459,459,0.1181468551851225,0.975,0.9751117047315203,1.0,1.0,1.0,1.0,0.2273899277376586,0.95,0.9510346378767431,1.0,1.0,1.0,1.0
460,460,0.15132827615210545,0.975,0.97505856990232,0.99375,0.9937267008387698,1.0,1.0,0.18976724921112692,0.95,0.9510346378767431,1.0,1.0,1.0,1.0
461,461,0.10792654357438351,0.96875,0.9684195641268294,0.99375,0.99368564993565,1.0,1.0,0.18917094907010323,0.95,0.9510346378767431,1.0,1.0,1.0,1.0
462,462,0.1698390305351552,0.975,0.9749362246581491,1.0,1.0,0.99375,0.9937477823772916,0.2059301865147063,0.95,0.9510346378767431,1.0,1.0,1.0,1.0
463,463,0.1073380264148625,0.98125,0.9812203356839013,1.0,1.0,1.0,1.0,0.21761939383368373,0.95,0.9510346378767431,1.0,1.0,1.0,1.0
464,464,0.10759630150191128,0.98125,0.9812612109520424,1.0,1.0,1.0,1.0,0.23104759333755281,0.95,0.9510346378767431,1.0,1.0,1.0,1.0
465,465,0.22991211060646322,0.96875,0.9685670350682049,1.0,1.0,1.0,1.0,0.20738396406140963,0.95,0.9510346378767431,1.0,1.0,1.0,1.0
466,466,0.0914912360486035,0.975,0.9748861566484518,1.0,1.0,1.0,1.0,0.23315871525710463,0.95,0.9510346378767431,1.0,1.0,1.0,1.0
467,467,0.16541520413769178,0.9625,0.962100228263125,1.0,1.0,1.0,1.0,0.2053009677241789,0.95,0.9510346378767431,1.0,1.0,1.0,1.0
468,468,0.18540407179011992,0.975,0.9748284913882548,1.0,1.0,0.99375,0.993787562059054,0.20729705545136312,0.95,0.9510346378767431,1.0,1.0,1.0,1.0
469,469,0.13369896276938106,0.98125,0.9814098124098123,0.99375,0.9937812812812812,1.0,1.0,0.20539959449565687,0.95,0.9510346378767431,1.0,1.0,1.0,1.0
470,470,0.11837610112773973,0.98125,0.9813021815243739,1.0,1.0,1.0,1.0,0.2081400411836057,0.95,0.9510346378767431,1.0,1.0,1.0,1.0
471,471,0.12679669305197905,0.975,0.9750521815243738,1.0,1.0,1.0,1.0,0.2041239741931804,0.925,0.9265246449456976,1.0,1.0,1.0,1.0
472,472,0.05201948312478066,0.99375,0.9937399537874221,1.0,1.0,1.0,1.0,0.21527006968753995,0.95,0.9510346378767431,1.0,1.0,1.0,1.0
473,473,0.1932292640266951,0.95625,0.9565414312430587,0.99375,0.993755411255411,1.0,1.0,0.181903365020662,0.95,0.9510346378767431,1.0,1.0,1.0,1.0
474,474,0.09754825118384787,0.975,0.9749983737420733,1.0,1.0,1.0,1.0,0.18231514377216626,0.95,0.9510346378767431,1.0,1.0,1.0,1.0
475,475,0.08147884262922886,0.9875,0.987504531123934,1.0,1.0,1.0,1.0,0.185206066179353,0.95,0.9510346378767431,1.0,1.0,1.0,1.0
476,476,0.102594571369616,0.98125,0.9812046370967742,0.99375,0.9937812812812812,1.0,1.0,0.20696780731027503,0.95,0.9510346378767431,1.0,1.0,1.0,1.0
477,477,0.11978272823214411,0.975,0.9747086266268294,1.0,1.0,1.0,1.0,0.20393542633714787,0.95,0.9510346378767431,1.0,1.0,1.0,1.0
478,478,0.09766124654724422,0.9875,0.9875416837152209,1.0,1.0,1.0,1.0,0.20143289750662915,0.925,0.9245099929310456,1.0,1.0,1.0,1.0
479,479,0.04396189918759887,1.0,1.0,1.0,1.0,1.0,1.0,0.1832579535589957,0.95,0.9510346378767431,1.0,1.0,1.0,1.0
480,480,0.07467178058603281,0.98125,0.9813070436507937,1.0,1.0,1.0,1.0,0.21629279535040952,0.95,0.9510346378767431,1.0,1.0,1.0,1.0
481,481,0.08375738119535754,0.98125,0.9811487581854452,1.0,1.0,1.0,1.0,0.20185837729286504,0.95,0.9510346378767431,1.0,1.0,1.0,1.0
482,482,0.09303522374671261,0.98125,0.9813291199572942,1.0,1.0,1.0,1.0,0.19981912695238863,0.95,0.9510346378767431,1.0,1.0,1.0,1.0
483,483,0.12319151296242695,0.9625,0.9624092741935485,1.0,1.0,1.0,1.0,0.22440252584169684,0.95,0.9510346378767431,1.0,1.0,1.0,1.0
484,484,0.0744222882101866,0.9875,0.9874701062167649,1.0,1.0,1.0,1.0,0.19646710402548706,0.95,0.9510346378767431,1.0,1.0,1.0,1.0
485,485,0.5961751149865322,0.9375,0.9376100847653245,0.99375,0.9937267008387698,0.96875,0.9688135718509757,0.20809313463623766,0.95,0.9510346378767431,1.0,1.0,1.0,1.0
486,486,0.1544708647582894,0.9625,0.9623995113493065,1.0,1.0,1.0,1.0,0.1976562539052793,0.95,0.9510346378767431,1.0,1.0,1.0,1.0
487,487,0.2597516602578963,0.9625,0.9624014134271555,1.0,1.0,0.99375,0.9937492925863045,0.19572065525721882,0.95,0.9510346378767431,1.0,1.0,1.0,1.0
488,488,0.15717210503463547,0.975,0.97518305276284,1.0,1.0,1.0,1.0,0.19972008568647653,0.95,0.9510346378767431,1.0,1.0,1.0,1.0
489,489,0.1285654263032768,0.96875,0.9689142008784867,1.0,1.0,1.0,1.0,0.20216549139477138,0.95,0.9510346378767431,1.0,1.0,1.0,1.0
490,490,0.161478106557972,0.96875,0.9686361566484518,1.0,1.0,1.0,1.0,0.2047462721260672,0.925,0.9245099929310456,1.0,1.0,1.0,1.0
491,491,0.1330517781165085,0.96875,0.9687514549468673,0.99375,0.9937451737451738,1.0,1.0,0.192293122135834,0.95,0.9510346378767431,1.0,1.0,1.0,1.0
492,492,0.12142076318102113,0.9625,0.9621078328872532,1.0,1.0,1.0,1.0,0.19380769368690381,0.95,0.9510346378767431,1.0,1.0,1.0,1.0
493,493,0.09106521131807596,0.98125,0.9812898671357226,1.0,1.0,1.0,1.0,0.18841956491733072,0.95,0.9510346378767431,1.0,1.0,1.0,1.0
494,494,0.10093274081601891,0.98125,0.9813475323959194,1.0,1.0,1.0,1.0,0.18596291582994126,0.95,0.9510346378767431,1.0,1.0,1.0,1.0
495,495,0.30425192765699194,0.93125,0.9312788828611612,1.0,1.0,1.0,1.0,0.22111055180535005,0.925,0.9265246449456976,1.0,1.0,1.0,1.0
496,496,0.2007804186025993,0.96875,0.9689098954823901,1.0,1.0,1.0,1.0,0.2109712314724675,0.925,0.9245099929310456,1.0,1.0,1.0,1.0
497,497,0.10184598430805351,0.975,0.9748284913882548,1.0,1.0,1.0,1.0,0.2166236381895942,0.925,0.9245099929310456,1.0,1.0,1.0,1.0
498,498,0.05823310847879952,0.9875,0.9873860209818766,1.0,1.0,1.0,1.0,0.22033401633225366,0.95,0.9510346378767431,1.0,1.0,1.0,1.0
499,499,0.1316063758613523,0.975,0.9748696030831688,1.0,1.0,0.99375,0.9937492925863045,0.2056357088641562,0.95,0.9510346378767431,1.0,1.0,1.0,1.0
